seed,system,step,corrections,buffer_size,init_secs,pred_secs,correct_secs,acc_novel,acc_original
0,substrate,0,0,,2.8121,0.0,0.0,0.0,0.9475
0,substrate,50,32,,2.8121,0.0255,0.017,0.4825,0.9475
0,substrate,100,51,,2.8121,0.0501,0.026,0.6125,0.9475
0,substrate,150,67,,2.8121,0.0766,0.0324,0.6825,0.9475
0,substrate,200,84,,2.8121,0.1016,0.0414,0.73,0.9475
0,substrate,250,97,,2.8121,0.1256,0.0479,0.8025,0.9475
0,substrate,300,105,,2.8121,0.1476,0.0524,0.82,0.9475
0,substrate,350,113,,2.8121,0.1731,0.0564,0.8325,0.9475
0,substrate,400,122,,2.8121,0.1966,0.0594,0.84,0.9475
0,substrate,450,129,,2.8121,0.2196,0.0629,0.855,0.9475
0,substrate,500,136,,2.8121,0.2453,0.0659,0.8575,0.9475
0,substrate,550,140,,2.8121,0.2713,0.0679,0.8625,0.9475
0,substrate,600,145,,2.8121,0.2953,0.0699,0.8675,0.9475
0,substrate,650,154,,2.8121,0.3173,0.0744,0.8725,0.9475
0,substrate,700,159,,2.8121,0.3409,0.0769,0.875,0.9475
0,substrate,750,164,,2.8121,0.3636,0.0794,0.8775,0.9475
0,substrate,800,168,,2.8121,0.3861,0.0814,0.88,0.9475
0,substrate,850,169,,2.8121,0.4101,0.0814,0.88,0.9475
0,substrate,900,176,,2.8121,0.4356,0.0843,0.8875,0.9475
0,substrate,950,182,,2.8121,0.4606,0.0863,0.895,0.9475
0,substrate,1000,185,,2.8121,0.4861,0.0873,0.895,0.9475
0,substrate,1050,194,,2.8121,0.5142,0.0933,0.9025,0.9475
0,substrate,1100,198,,2.8121,0.5423,0.0948,0.9025,0.9475
0,substrate,1150,203,,2.8121,0.5668,0.0973,0.905,0.9475
0,substrate,1195,208,,2.8121,0.5908,0.0998,0.905,0.9475
0,online_linear,0,0,,1.6413,0.0,0.0,0.0,0.9475
0,online_linear,50,50,,1.6413,0.002,0.0075,0.0,0.945
0,online_linear,100,100,,1.6413,0.005,0.013,0.0,0.945
0,online_linear,150,150,,1.6413,0.006,0.0211,0.0,0.9475
0,online_linear,200,200,,1.6413,0.007,0.0306,0.0,0.9475
0,online_linear,250,250,,1.6413,0.008,0.0396,0.0,0.9525
0,online_linear,300,300,,1.6413,0.0095,0.0471,0.0,0.9525
0,online_linear,350,350,,1.6413,0.0105,0.0551,0.0,0.9525
0,online_linear,400,400,,1.6413,0.012,0.0626,0.0,0.9525
0,online_linear,450,450,,1.6413,0.0125,0.0706,0.0,0.9525
0,online_linear,500,500,,1.6413,0.0145,0.0781,0.0,0.9525
0,online_linear,550,550,,1.6413,0.0155,0.0876,0.0075,0.9525
0,online_linear,600,600,,1.6413,0.017,0.0946,0.0075,0.95
0,online_linear,650,648,,1.6413,0.0175,0.1031,0.01,0.9475
0,online_linear,700,695,,1.6413,0.019,0.1096,0.0375,0.9475
0,online_linear,750,743,,1.6413,0.019,0.1176,0.045,0.9475
0,online_linear,800,790,,1.6413,0.021,0.1246,0.07,0.9425
0,online_linear,850,833,,1.6413,0.0225,0.1316,0.085,0.9425
0,online_linear,900,877,,1.6413,0.0235,0.1391,0.1075,0.9425
0,online_linear,950,920,,1.6413,0.026,0.1456,0.165,0.94
0,online_linear,1000,960,,1.6413,0.027,0.1536,0.235,0.94
0,online_linear,1050,996,,1.6413,0.0285,0.1596,0.305,0.93
0,online_linear,1100,1026,,1.6413,0.03,0.1646,0.3525,0.935
0,online_linear,1150,1049,,1.6413,0.0305,0.1681,0.39,0.9325
0,online_linear,1195,1073,,1.6413,0.031,0.1721,0.445,0.9325
0,a_gem,0,0,,0.6266,0.0,0.0,0.0,0.9475
0,a_gem,50,50,,0.6266,0.0015,0.031,0.0,0.945
0,a_gem,100,100,,0.6266,0.004,0.0585,0.0,0.9475
0,a_gem,150,150,,0.6266,0.005,0.092,0.0,0.9475
0,a_gem,200,200,,0.6266,0.006,0.1225,0.0,0.95
0,a_gem,250,250,,0.6266,0.008,0.155,0.0,0.9525
0,a_gem,300,300,,0.6266,0.009,0.184,0.0,0.9525
0,a_gem,350,350,,0.6266,0.011,0.213,0.0,0.9525
0,a_gem,400,400,,0.6266,0.0115,0.2415,0.0,0.9525
0,a_gem,450,450,,0.6266,0.0125,0.2695,0.0,0.9525
0,a_gem,500,500,,0.6266,0.0141,0.2975,0.0,0.9525
0,a_gem,550,550,,0.6266,0.0166,0.327,0.0075,0.955
0,a_gem,600,600,,0.6266,0.0171,0.3576,0.0075,0.95
0,a_gem,650,648,,0.6266,0.019,0.3846,0.01,0.95
0,a_gem,700,695,,0.6266,0.0206,0.4126,0.03,0.9475
0,a_gem,750,743,,0.6266,0.0211,0.4466,0.0425,0.9475
0,a_gem,800,790,,0.6266,0.0235,0.4736,0.0675,0.9475
0,a_gem,850,834,,0.6266,0.025,0.4986,0.0875,0.9475
0,a_gem,900,878,,0.6266,0.0275,0.5236,0.1075,0.9475
0,a_gem,950,923,,0.6266,0.029,0.5516,0.165,0.9475
0,a_gem,1000,962,,0.6266,0.03,0.5751,0.2275,0.945
0,a_gem,1050,999,,0.6266,0.0315,0.5946,0.2875,0.9425
0,a_gem,1100,1030,,0.6266,0.0325,0.6121,0.32,0.945
0,a_gem,1150,1053,,0.6266,0.0345,0.6251,0.365,0.945
0,a_gem,1195,1077,,0.6266,0.0355,0.6396,0.4,0.9425
0,river_logreg,0,0,,63.2809,0.0,0.0,0.0,0.2175
0,river_logreg,50,42,,63.2809,0.1735,0.9992,0.1,0.0
0,river_logreg,100,85,,63.2809,0.3466,2.052,0.38,0.0
0,river_logreg,150,108,,63.2809,0.5201,2.6833,0.6925,0.0
0,river_logreg,200,120,,63.2809,0.6812,3.0043,0.8475,0.0
0,river_logreg,250,135,,63.2809,0.8328,3.3969,0.7175,0.0
0,river_logreg,300,153,,63.2809,0.9958,3.8396,0.8925,0.0
0,river_logreg,350,167,,63.2809,1.1479,4.1631,0.705,0.0
0,river_logreg,400,171,,63.2809,1.2824,4.2522,0.9075,0.0
0,river_logreg,450,176,,63.2809,1.4369,4.3852,0.91,0.0
0,river_logreg,500,177,,63.2809,1.6064,4.4182,0.9125,0.0
0,river_logreg,550,182,,63.2809,1.78,4.5417,0.89,0.0
0,river_logreg,600,185,,63.2809,1.9295,4.6207,0.915,0.0
0,river_logreg,650,197,,63.2809,2.087,4.9154,0.73,0.0
0,river_logreg,700,205,,63.2809,2.239,5.1239,0.8375,0.0
0,river_logreg,750,210,,63.2809,2.3881,5.2464,0.9175,0.0
0,river_logreg,800,216,,63.2809,2.5581,5.4475,0.8475,0.0
0,river_logreg,850,218,,63.2809,2.7036,5.4945,0.885,0.0
0,river_logreg,900,219,,63.2809,2.8327,5.5165,0.935,0.0
0,river_logreg,950,221,,63.2809,2.9597,5.5585,0.9275,0.0
0,river_logreg,1000,224,,63.2809,3.0847,5.6226,0.8875,0.0
0,river_logreg,1050,230,,63.2809,3.2538,5.8186,0.92,0.0
0,river_logreg,1100,235,,63.2809,3.4313,5.9607,0.9475,0.0
0,river_logreg,1150,238,,63.2809,3.5579,6.0247,0.9075,0.0
0,river_logreg,1195,245,,63.2809,3.7074,6.2122,0.7175,0.0
0,bounded_substrate_reservoir_100,0,0,100,0.0115,0.0,0.0,0.0,0.51
0,bounded_substrate_reservoir_100,50,50,100,0.0115,0.0045,0.0,0.09,0.5075
0,bounded_substrate_reservoir_100,100,94,100,0.0115,0.0085,0.0,0.175,0.5075
0,bounded_substrate_reservoir_100,150,134,100,0.0115,0.012,0.0,0.2125,0.5075
0,bounded_substrate_reservoir_100,200,171,100,0.0115,0.0155,0.0,0.2125,0.5075
0,bounded_substrate_reservoir_100,250,209,100,0.0115,0.019,0.0,0.2125,0.5075
0,bounded_substrate_reservoir_100,300,248,100,0.0115,0.0225,0.0,0.2825,0.5025
0,bounded_substrate_reservoir_100,350,283,100,0.0115,0.027,0.0005,0.2825,0.5025
0,bounded_substrate_reservoir_100,400,319,100,0.0115,0.0305,0.001,0.2825,0.5025
0,bounded_substrate_reservoir_100,450,355,100,0.0115,0.034,0.0015,0.3725,0.4875
0,bounded_substrate_reservoir_100,500,386,100,0.0115,0.0385,0.0015,0.4425,0.4825
0,bounded_substrate_reservoir_100,550,407,100,0.0115,0.0415,0.0015,0.4425,0.4825
0,bounded_substrate_reservoir_100,600,431,100,0.0115,0.045,0.0015,0.4425,0.4825
0,bounded_substrate_reservoir_100,650,459,100,0.0115,0.0485,0.002,0.4425,0.4825
0,bounded_substrate_reservoir_100,700,478,100,0.0115,0.0515,0.002,0.4425,0.4825
0,bounded_substrate_reservoir_100,750,505,100,0.0115,0.0545,0.0025,0.4425,0.4825
0,bounded_substrate_reservoir_100,800,532,100,0.0115,0.058,0.0025,0.4425,0.4825
0,bounded_substrate_reservoir_100,850,548,100,0.0115,0.06,0.0025,0.535,0.4825
0,bounded_substrate_reservoir_100,900,568,100,0.0115,0.062,0.003,0.535,0.4825
0,bounded_substrate_reservoir_100,950,585,100,0.0115,0.064,0.003,0.535,0.4825
0,bounded_substrate_reservoir_100,1000,604,100,0.0115,0.066,0.003,0.6225,0.4825
0,bounded_substrate_reservoir_100,1050,626,100,0.0115,0.068,0.003,0.6225,0.4825
0,bounded_substrate_reservoir_100,1100,647,100,0.0115,0.07,0.003,0.6225,0.4825
0,bounded_substrate_reservoir_100,1150,664,100,0.0115,0.0715,0.003,0.6225,0.4825
0,bounded_substrate_reservoir_100,1195,685,100,0.0115,0.0745,0.003,0.6325,0.4825
0,bounded_substrate_fifo_100,0,0,100,0.004,0.0,0.0,0.0,0.0125
0,bounded_substrate_fifo_100,50,14,100,0.004,0.0025,0.0,0.8875,0.0125
0,bounded_substrate_fifo_100,100,17,100,0.004,0.004,0.0,0.9425,0.0125
0,bounded_substrate_fifo_100,150,19,100,0.004,0.0045,0.0,0.955,0.0125
0,bounded_substrate_fifo_100,200,22,100,0.004,0.0055,0.0,0.955,0.0125
0,bounded_substrate_fifo_100,250,22,100,0.004,0.006,0.0,0.955,0.0125
0,bounded_substrate_fifo_100,300,26,100,0.004,0.007,0.0,0.965,0.0125
0,bounded_substrate_fifo_100,350,26,100,0.004,0.0075,0.0,0.965,0.0125
0,bounded_substrate_fifo_100,400,27,100,0.004,0.0085,0.0,0.965,0.0125
0,bounded_substrate_fifo_100,450,31,100,0.004,0.01,0.0,0.98,0.0125
0,bounded_substrate_fifo_100,500,33,100,0.004,0.0105,0.0,0.9825,0.0125
0,bounded_substrate_fifo_100,550,34,100,0.004,0.011,0.0,0.9825,0.0125
0,bounded_substrate_fifo_100,600,36,100,0.004,0.0115,0.0,0.9825,0.0125
0,bounded_substrate_fifo_100,650,42,100,0.004,0.0125,0.0,0.9825,0.0125
0,bounded_substrate_fifo_100,700,45,100,0.004,0.013,0.0,0.9775,0.0125
0,bounded_substrate_fifo_100,750,45,100,0.004,0.0135,0.0,0.9775,0.0125
0,bounded_substrate_fifo_100,800,45,100,0.004,0.014,0.0,0.9775,0.0125
0,bounded_substrate_fifo_100,850,46,100,0.004,0.015,0.0,0.9775,0.0125
0,bounded_substrate_fifo_100,900,47,100,0.004,0.0155,0.0,0.9775,0.0125
0,bounded_substrate_fifo_100,950,49,100,0.004,0.016,0.0,0.9825,0.0125
0,bounded_substrate_fifo_100,1000,50,100,0.004,0.017,0.0,0.9825,0.0125
0,bounded_substrate_fifo_100,1050,50,100,0.004,0.0175,0.0,0.9825,0.0125
0,bounded_substrate_fifo_100,1100,51,100,0.004,0.0185,0.0,0.9825,0.0125
0,bounded_substrate_fifo_100,1150,51,100,0.004,0.019,0.0,0.9825,0.0125
0,bounded_substrate_fifo_100,1195,52,100,0.004,0.02,0.0,0.9825,0.0125
0,bounded_substrate_reservoir_500,0,0,500,0.0105,0.0,0.0,0.0,0.8225
0,bounded_substrate_reservoir_500,50,45,500,0.0105,0.075,0.004,0.1375,0.82
0,bounded_substrate_reservoir_500,100,82,500,0.0105,0.14,0.0075,0.2575,0.82
0,bounded_substrate_reservoir_500,150,111,500,0.0105,0.1915,0.0085,0.3675,0.82
0,bounded_substrate_reservoir_500,200,136,500,0.0105,0.242,0.011,0.385,0.82
0,bounded_substrate_reservoir_500,250,163,500,0.0105,0.2866,0.0145,0.4325,0.82
0,bounded_substrate_reservoir_500,300,189,500,0.0105,0.3336,0.0165,0.465,0.82
0,bounded_substrate_reservoir_500,350,214,500,0.0105,0.3736,0.0195,0.465,0.82
0,bounded_substrate_reservoir_500,400,241,500,0.0105,0.4201,0.02,0.45,0.815
0,bounded_substrate_reservoir_500,450,280,500,0.0105,0.4861,0.0255,0.45,0.815
0,bounded_substrate_reservoir_500,500,311,500,0.0105,0.5376,0.0275,0.515,0.815
0,bounded_substrate_reservoir_500,550,330,500,0.0105,0.5731,0.029,0.525,0.82
0,bounded_substrate_reservoir_500,600,353,500,0.0105,0.6161,0.0295,0.525,0.82
0,bounded_substrate_reservoir_500,650,384,500,0.0105,0.6667,0.0315,0.565,0.8175
0,bounded_substrate_reservoir_500,700,404,500,0.0105,0.7042,0.033,0.565,0.8175
0,bounded_substrate_reservoir_500,750,422,500,0.0105,0.7347,0.035,0.5675,0.8175
0,bounded_substrate_reservoir_500,800,442,500,0.0105,0.7767,0.0375,0.5675,0.8175
0,bounded_substrate_reservoir_500,850,457,500,0.0105,0.8107,0.039,0.61,0.8175
0,bounded_substrate_reservoir_500,900,473,500,0.0105,0.8417,0.04,0.6825,0.815
0,bounded_substrate_reservoir_500,950,483,500,0.0105,0.8648,0.04,0.6825,0.815
0,bounded_substrate_reservoir_500,1000,500,500,0.0105,0.8953,0.042,0.6825,0.815
0,bounded_substrate_reservoir_500,1050,520,500,0.0105,0.9343,0.043,0.6825,0.815
0,bounded_substrate_reservoir_500,1100,537,500,0.0105,0.9688,0.0445,0.7175,0.815
0,bounded_substrate_reservoir_500,1150,546,500,0.0105,0.9908,0.0445,0.7275,0.815
0,bounded_substrate_reservoir_500,1195,562,500,0.0105,1.0228,0.045,0.735,0.815
0,bounded_substrate_fifo_500,0,0,500,0.0045,0.0,0.0,0.0,0.085
0,bounded_substrate_fifo_500,50,19,500,0.0045,0.0335,0.0005,0.8175,0.07
0,bounded_substrate_fifo_500,100,24,500,0.0045,0.049,0.001,0.8975,0.07
0,bounded_substrate_fifo_500,150,27,500,0.0045,0.0615,0.001,0.9225,0.07
0,bounded_substrate_fifo_500,200,32,500,0.0045,0.077,0.001,0.94,0.07
0,bounded_substrate_fifo_500,250,36,500,0.0045,0.0905,0.0015,0.9525,0.07
0,bounded_substrate_fifo_500,300,38,500,0.0045,0.1005,0.003,0.955,0.07
0,bounded_substrate_fifo_500,350,41,500,0.0045,0.113,0.003,0.9625,0.07
0,bounded_substrate_fifo_500,400,44,500,0.0045,0.126,0.003,0.9625,0.07
0,bounded_substrate_fifo_500,450,45,500,0.0045,0.139,0.003,0.965,0.07
0,bounded_substrate_fifo_500,500,46,500,0.0045,0.1486,0.003,0.97,0.07
0,bounded_substrate_fifo_500,550,48,500,0.0045,0.1586,0.003,0.9725,0.07
0,bounded_substrate_fifo_500,600,49,500,0.0045,0.1671,0.003,0.975,0.07
0,bounded_substrate_fifo_500,650,52,500,0.0045,0.1781,0.0035,0.975,0.07
0,bounded_substrate_fifo_500,700,55,500,0.0045,0.1936,0.0035,0.9775,0.07
0,bounded_substrate_fifo_500,750,56,500,0.0045,0.2031,0.0035,0.9775,0.07
0,bounded_substrate_fifo_500,800,57,500,0.0045,0.2116,0.0035,0.97,0.07
0,bounded_substrate_fifo_500,850,57,500,0.0045,0.2201,0.0035,0.97,0.07
0,bounded_substrate_fifo_500,900,58,500,0.0045,0.2316,0.0035,0.975,0.07
0,bounded_substrate_fifo_500,950,59,500,0.0045,0.2411,0.0035,0.9775,0.07
0,bounded_substrate_fifo_500,1000,60,500,0.0045,0.2501,0.0035,0.98,0.07
0,bounded_substrate_fifo_500,1050,65,500,0.0045,0.2661,0.0035,0.9825,0.07
0,bounded_substrate_fifo_500,1100,68,500,0.0045,0.2786,0.0035,0.9825,0.07
0,bounded_substrate_fifo_500,1150,68,500,0.0045,0.2861,0.0035,0.9825,0.07
0,bounded_substrate_fifo_500,1195,68,500,0.0045,0.2946,0.0035,0.9825,0.07
0,bounded_substrate_reservoir_1000,0,0,1000,0.011,0.0,0.0,0.0,0.9
0,bounded_substrate_reservoir_1000,50,48,1000,0.011,0.1655,0.007,0.115,0.9
0,bounded_substrate_reservoir_1000,100,84,1000,0.011,0.2796,0.0125,0.225,0.9
0,bounded_substrate_reservoir_1000,150,121,1000,0.011,0.3931,0.018,0.225,0.9
0,bounded_substrate_reservoir_1000,200,162,1000,0.011,0.5262,0.024,0.3575,0.8975
0,bounded_substrate_reservoir_1000,250,188,1000,0.011,0.6142,0.027,0.5025,0.8975
0,bounded_substrate_reservoir_1000,300,211,1000,0.011,0.6942,0.031,0.5525,0.8975
0,bounded_substrate_reservoir_1000,350,230,1000,0.011,0.7727,0.0345,0.56,0.8975
0,bounded_substrate_reservoir_1000,400,253,1000,0.011,0.8518,0.0375,0.56,0.8975
0,bounded_substrate_reservoir_1000,450,274,1000,0.011,0.9193,0.0405,0.6075,0.8975
0,bounded_substrate_reservoir_1000,500,291,1000,0.011,0.9748,0.042,0.665,0.895
0,bounded_substrate_reservoir_1000,550,301,1000,0.011,1.0158,0.043,0.665,0.895
0,bounded_substrate_reservoir_1000,600,318,1000,0.011,1.0803,0.046,0.7,0.895
0,bounded_substrate_reservoir_1000,650,336,1000,0.011,1.1468,0.0495,0.7025,0.895
0,bounded_substrate_reservoir_1000,700,349,1000,0.011,1.1953,0.051,0.7175,0.895
0,bounded_substrate_reservoir_1000,750,362,1000,0.011,1.2383,0.0545,0.7175,0.895
0,bounded_substrate_reservoir_1000,800,376,1000,0.011,1.2923,0.056,0.7325,0.895
0,bounded_substrate_reservoir_1000,850,384,1000,0.011,1.3259,0.0565,0.7325,0.895
0,bounded_substrate_reservoir_1000,900,398,1000,0.011,1.3774,0.059,0.735,0.895
0,bounded_substrate_reservoir_1000,950,413,1000,0.011,1.4269,0.061,0.7575,0.895
0,bounded_substrate_reservoir_1000,1000,425,1000,0.011,1.4799,0.062,0.765,0.895
0,bounded_substrate_reservoir_1000,1050,436,1000,0.011,1.5269,0.062,0.765,0.895
0,bounded_substrate_reservoir_1000,1100,452,1000,0.011,1.5919,0.0635,0.7825,0.8925
0,bounded_substrate_reservoir_1000,1150,463,1000,0.011,1.6339,0.0645,0.795,0.8925
0,bounded_substrate_reservoir_1000,1195,474,1000,0.011,1.6749,0.066,0.805,0.8925
0,bounded_substrate_fifo_1000,0,0,1000,0.0035,0.0,0.0,0.0,0.1375
0,bounded_substrate_fifo_1000,50,21,1000,0.0035,0.0715,0.0025,0.7375,0.1375
0,bounded_substrate_fifo_1000,100,30,1000,0.0035,0.1065,0.003,0.8575,0.1375
0,bounded_substrate_fifo_1000,150,35,1000,0.0035,0.1295,0.0035,0.89,0.1375
0,bounded_substrate_fifo_1000,200,41,1000,0.0035,0.1535,0.0045,0.905,0.1375
0,bounded_substrate_fifo_1000,250,47,1000,0.0035,0.183,0.0055,0.925,0.1375
0,bounded_substrate_fifo_1000,300,51,1000,0.0035,0.2025,0.006,0.925,0.1375
0,bounded_substrate_fifo_1000,350,56,1000,0.0035,0.2266,0.0065,0.9375,0.12
0,bounded_substrate_fifo_1000,400,61,1000,0.0035,0.2496,0.007,0.9375,0.12
0,bounded_substrate_fifo_1000,450,62,1000,0.0035,0.2601,0.007,0.9375,0.12
0,bounded_substrate_fifo_1000,500,65,1000,0.0035,0.2731,0.008,0.9475,0.12
0,bounded_substrate_fifo_1000,550,67,1000,0.0035,0.2896,0.008,0.95,0.12
0,bounded_substrate_fifo_1000,600,70,1000,0.0035,0.3086,0.008,0.9475,0.12
0,bounded_substrate_fifo_1000,650,77,1000,0.0035,0.3381,0.0085,0.95,0.12
0,bounded_substrate_fifo_1000,700,81,1000,0.0035,0.3576,0.009,0.9525,0.12
0,bounded_substrate_fifo_1000,750,82,1000,0.0035,0.3666,0.009,0.9525,0.12
0,bounded_substrate_fifo_1000,800,84,1000,0.0035,0.3806,0.009,0.95,0.12
0,bounded_substrate_fifo_1000,850,84,1000,0.0035,0.3866,0.009,0.95,0.12
0,bounded_substrate_fifo_1000,900,85,1000,0.0035,0.3966,0.0095,0.955,0.12
0,bounded_substrate_fifo_1000,950,86,1000,0.0035,0.4061,0.01,0.9575,0.12
0,bounded_substrate_fifo_1000,1000,87,1000,0.0035,0.4176,0.01,0.96,0.12
0,bounded_substrate_fifo_1000,1050,91,1000,0.0035,0.4356,0.011,0.9625,0.12
0,bounded_substrate_fifo_1000,1100,92,1000,0.0035,0.4451,0.011,0.9625,0.12
0,bounded_substrate_fifo_1000,1150,92,1000,0.0035,0.4511,0.011,0.9625,0.12
0,bounded_substrate_fifo_1000,1195,93,1000,0.0035,0.4566,0.0115,0.9625,0.12
0,bounded_substrate_reservoir_5000,0,0,5000,0.0065,0.0,0.0,0.0,0.9425
0,bounded_substrate_reservoir_5000,50,40,5000,0.0065,0.6273,0.027,0.4925,0.9425
0,bounded_substrate_reservoir_5000,100,62,5000,0.0065,0.9773,0.0395,0.61,0.9425
0,bounded_substrate_reservoir_5000,150,81,5000,0.0065,1.2874,0.0515,0.665,0.9425
0,bounded_substrate_reservoir_5000,200,98,5000,0.0065,1.5645,0.0626,0.725,0.9425
0,bounded_substrate_reservoir_5000,250,109,5000,0.0065,1.75,0.0711,0.7625,0.9425
0,bounded_substrate_reservoir_5000,300,121,5000,0.0065,1.9496,0.0786,0.79,0.9425
0,bounded_substrate_reservoir_5000,350,130,5000,0.0065,2.1151,0.0856,0.815,0.9425
0,bounded_substrate_reservoir_5000,400,139,5000,0.0065,2.2707,0.0911,0.8275,0.9425
0,bounded_substrate_reservoir_5000,450,146,5000,0.0065,2.3807,0.0961,0.8425,0.9425
0,bounded_substrate_reservoir_5000,500,154,5000,0.0065,2.5062,0.1016,0.845,0.9425
0,bounded_substrate_reservoir_5000,550,157,5000,0.0065,2.5667,0.1036,0.845,0.9425
0,bounded_substrate_reservoir_5000,600,164,5000,0.0065,2.6923,0.1076,0.8475,0.9425
0,bounded_substrate_reservoir_5000,650,172,5000,0.0065,2.8358,0.1121,0.85,0.9425
0,bounded_substrate_reservoir_5000,700,179,5000,0.0065,2.9894,0.1176,0.85,0.9425
0,bounded_substrate_reservoir_5000,750,183,5000,0.0065,3.0899,0.1191,0.8525,0.9425
0,bounded_substrate_reservoir_5000,800,188,5000,0.0065,3.2004,0.1226,0.8575,0.9425
0,bounded_substrate_reservoir_5000,850,189,5000,0.0065,3.2319,0.1236,0.8575,0.9425
0,bounded_substrate_reservoir_5000,900,197,5000,0.0065,3.3955,0.13,0.87,0.9425
0,bounded_substrate_reservoir_5000,950,203,5000,0.0065,3.506,0.1341,0.8775,0.9425
0,bounded_substrate_reservoir_5000,1000,209,5000,0.0065,3.6305,0.1381,0.8775,0.9425
0,bounded_substrate_reservoir_5000,1050,216,5000,0.0065,3.7745,0.1426,0.8825,0.9425
0,bounded_substrate_reservoir_5000,1100,218,5000,0.0065,3.827,0.1436,0.8825,0.9425
0,bounded_substrate_reservoir_5000,1150,222,5000,0.0065,3.9191,0.1461,0.8825,0.9425
0,bounded_substrate_reservoir_5000,1195,230,5000,0.0065,4.071,0.1522,0.8825,0.9425
0,bounded_substrate_fifo_5000,0,0,5000,0.0075,0.0,0.0,0.0,0.58
0,bounded_substrate_fifo_5000,50,28,5000,0.0075,0.5021,0.0205,0.5825,0.5725
0,bounded_substrate_fifo_5000,100,45,5000,0.0075,0.8227,0.032,0.755,0.57
0,bounded_substrate_fifo_5000,150,54,5000,0.0075,0.9886,0.037,0.7925,0.57
0,bounded_substrate_fifo_5000,200,64,5000,0.0075,1.1861,0.044,0.83,0.57
0,bounded_substrate_fifo_5000,250,71,5000,0.0075,1.3097,0.049,0.8775,0.57
0,bounded_substrate_fifo_5000,300,79,5000,0.0075,1.4482,0.054,0.8925,0.57
0,bounded_substrate_fifo_5000,350,82,5000,0.0075,1.5127,0.056,0.8925,0.57
0,bounded_substrate_fifo_5000,400,91,5000,0.0075,1.6943,0.063,0.8975,0.57
0,bounded_substrate_fifo_5000,450,92,5000,0.0075,1.7243,0.0635,0.9,0.57
0,bounded_substrate_fifo_5000,500,97,5000,0.0075,1.8052,0.066,0.9075,0.5675
0,bounded_substrate_fifo_5000,550,99,5000,0.0075,1.8487,0.067,0.9075,0.5675
0,bounded_substrate_fifo_5000,600,104,5000,0.0075,1.9437,0.0705,0.9125,0.5675
0,bounded_substrate_fifo_5000,650,111,5000,0.0075,2.0907,0.076,0.9175,0.565
0,bounded_substrate_fifo_5000,700,119,5000,0.0075,2.2388,0.081,0.9225,0.555
0,bounded_substrate_fifo_5000,750,122,5000,0.0075,2.2973,0.083,0.925,0.555
0,bounded_substrate_fifo_5000,800,125,5000,0.0075,2.3618,0.085,0.925,0.555
0,bounded_substrate_fifo_5000,850,126,5000,0.0075,2.3983,0.086,0.925,0.555
0,bounded_substrate_fifo_5000,900,127,5000,0.0075,2.4263,0.0865,0.925,0.555
0,bounded_substrate_fifo_5000,950,132,5000,0.0075,2.5168,0.09,0.9275,0.555
0,bounded_substrate_fifo_5000,1000,133,5000,0.0075,2.5463,0.0905,0.9275,0.555
0,bounded_substrate_fifo_5000,1050,138,5000,0.0075,2.6463,0.0955,0.93,0.555
0,bounded_substrate_fifo_5000,1100,142,5000,0.0075,2.7349,0.098,0.93,0.555
0,bounded_substrate_fifo_5000,1150,144,5000,0.0075,2.7849,0.099,0.93,0.555
0,bounded_substrate_fifo_5000,1195,147,5000,0.0075,2.8339,0.1015,0.93,0.555
1,substrate,0,0,,3.2278,0.0,0.0,0.0,0.9425
1,substrate,50,32,,3.2278,0.025,0.0125,0.49,0.9425
1,substrate,100,52,,3.2278,0.048,0.021,0.7325,0.9425
1,substrate,150,63,,3.2278,0.073,0.027,0.7825,0.9425
1,substrate,200,74,,3.2278,0.099,0.0305,0.7975,0.9425
1,substrate,250,89,,3.2278,0.1235,0.0365,0.8225,0.9425
1,substrate,300,99,,3.2278,0.15,0.041,0.8275,0.9425
1,substrate,350,114,,3.2278,0.177,0.049,0.865,0.9425
1,substrate,400,119,,3.2278,0.2046,0.0515,0.87,0.9425
1,substrate,450,129,,3.2278,0.2306,0.0555,0.8725,0.9425
1,substrate,500,138,,3.2278,0.2576,0.06,0.875,0.9425
1,substrate,550,143,,3.2278,0.2831,0.063,0.89,0.9425
1,substrate,600,150,,3.2278,0.3111,0.0665,0.8975,0.9425
1,substrate,650,154,,3.2278,0.3386,0.0685,0.9,0.9425
1,substrate,700,159,,3.2278,0.3641,0.071,0.9,0.9425
1,substrate,750,165,,3.2278,0.3884,0.0732,0.91,0.9425
1,substrate,800,169,,3.2278,0.4169,0.0752,0.91,0.9425
1,substrate,850,172,,3.2278,0.4499,0.0762,0.9125,0.9425
1,substrate,900,177,,3.2278,0.4789,0.0787,0.9175,0.9425
1,substrate,950,181,,3.2278,0.5079,0.0802,0.925,0.9425
1,substrate,1000,189,,3.2278,0.5369,0.0837,0.935,0.9425
1,substrate,1050,191,,3.2278,0.563,0.0847,0.935,0.9425
1,substrate,1100,197,,3.2278,0.59,0.0882,0.9375,0.9425
1,substrate,1150,204,,3.2278,0.6145,0.0922,0.9375,0.9425
1,substrate,1200,208,,3.2278,0.638,0.0942,0.9375,0.9425
1,substrate,1248,211,,3.2278,0.6615,0.0957,0.9375,0.9425
1,online_linear,0,0,,0.6437,0.0,0.0,0.0,0.9425
1,online_linear,50,50,,0.6437,0.001,0.0105,0.0,0.9425
1,online_linear,100,100,,0.6437,0.0025,0.0175,0.0,0.9375
1,online_linear,150,150,,0.6437,0.0035,0.026,0.0,0.94
1,online_linear,200,200,,0.6437,0.0045,0.0335,0.0,0.94
1,online_linear,250,250,,0.6437,0.0045,0.041,0.0,0.9375
1,online_linear,300,300,,0.6437,0.005,0.0495,0.0,0.9375
1,online_linear,350,350,,0.6437,0.007,0.0555,0.0,0.935
1,online_linear,400,400,,0.6437,0.009,0.063,0.0,0.935
1,online_linear,450,450,,0.6437,0.01,0.0695,0.0,0.935
1,online_linear,500,500,,0.6437,0.012,0.0755,0.0,0.93
1,online_linear,550,550,,0.6437,0.0135,0.0825,0.0,0.9275
1,online_linear,600,600,,0.6437,0.015,0.0885,0.0,0.935
1,online_linear,650,650,,0.6437,0.0165,0.097,0.0025,0.9325
1,online_linear,700,700,,0.6437,0.0175,0.106,0.0075,0.93
1,online_linear,750,750,,0.6437,0.0175,0.1145,0.02,0.9325
1,online_linear,800,796,,0.6437,0.019,0.121,0.0925,0.9325
1,online_linear,850,837,,0.6437,0.0205,0.1255,0.1725,0.9275
1,online_linear,900,877,,0.6437,0.0225,0.1305,0.2325,0.925
1,online_linear,950,913,,0.6437,0.024,0.1365,0.255,0.925
1,online_linear,1000,948,,0.6437,0.025,0.1425,0.28,0.9225
1,online_linear,1050,979,,0.6437,0.0265,0.147,0.3875,0.9225
1,online_linear,1100,1007,,0.6437,0.0275,0.152,0.425,0.9175
1,online_linear,1150,1033,,0.6437,0.0285,0.1545,0.465,0.915
1,online_linear,1200,1052,,0.6437,0.0295,0.1575,0.5,0.9125
1,online_linear,1248,1071,,0.6437,0.0315,0.16,0.525,0.9125
1,a_gem,0,0,,0.6493,0.0,0.0,0.0,0.9425
1,a_gem,50,50,,0.6493,0.0015,0.03,0.0,0.9425
1,a_gem,100,100,,0.6493,0.003,0.06,0.0,0.9375
1,a_gem,150,150,,0.6493,0.005,0.092,0.0,0.9375
1,a_gem,200,200,,0.6493,0.008,0.127,0.0,0.94
1,a_gem,250,250,,0.6493,0.0085,0.1591,0.0,0.9375
1,a_gem,300,300,,0.6493,0.0105,0.1886,0.0,0.9375
1,a_gem,350,350,,0.6493,0.012,0.2181,0.0,0.935
1,a_gem,400,400,,0.6493,0.0135,0.2476,0.0,0.935
1,a_gem,450,450,,0.6493,0.015,0.2796,0.0,0.9325
1,a_gem,500,500,,0.6493,0.0165,0.3106,0.0,0.9325
1,a_gem,550,550,,0.6493,0.019,0.3411,0.0,0.9275
1,a_gem,600,600,,0.6493,0.021,0.3721,0.0,0.93
1,a_gem,650,650,,0.6493,0.0225,0.4076,0.0025,0.9325
1,a_gem,700,700,,0.6493,0.025,0.4386,0.0075,0.9325
1,a_gem,750,750,,0.6493,0.0285,0.4686,0.02,0.935
1,a_gem,800,796,,0.6493,0.0295,0.4981,0.0775,0.935
1,a_gem,850,840,,0.6493,0.032,0.5287,0.1575,0.9325
1,a_gem,900,882,,0.6493,0.0325,0.5577,0.215,0.93
1,a_gem,950,920,,0.6493,0.033,0.5837,0.2275,0.9275
1,a_gem,1000,956,,0.6493,0.034,0.6092,0.2675,0.925
1,a_gem,1050,990,,0.6493,0.0355,0.6302,0.34,0.9275
1,a_gem,1100,1020,,0.6493,0.037,0.6497,0.3725,0.9275
1,a_gem,1150,1046,,0.6493,0.037,0.6697,0.41,0.9225
1,a_gem,1200,1068,,0.6493,0.039,0.6847,0.4425,0.9225
1,a_gem,1248,1088,,0.6493,0.0405,0.6972,0.47,0.925
1,river_logreg,0,0,,67.2115,0.0,0.0,0.0,0.1375
1,river_logreg,50,47,,67.2115,0.19,1.3395,0.1,0.0
1,river_logreg,100,96,,67.2115,0.3776,2.7049,0.1,0.0
1,river_logreg,150,138,,67.2115,0.5471,3.8408,0.4425,0.0
1,river_logreg,200,156,,67.2115,0.7337,4.37,0.9075,0.0
1,river_logreg,250,158,,67.2115,0.9192,4.4355,0.9525,0.0
1,river_logreg,300,161,,67.2115,1.0768,4.5125,0.945,0.0
1,river_logreg,350,165,,67.2115,1.2448,4.6251,0.85,0.0
1,river_logreg,400,169,,67.2115,1.4449,4.7582,0.8775,0.0
1,river_logreg,450,170,,67.2115,1.629,4.7862,0.9675,0.0
1,river_logreg,500,172,,67.2115,1.787,4.8482,0.9275,0.0
1,river_logreg,550,174,,67.2115,1.941,4.9057,0.965,0.0
1,river_logreg,600,179,,67.2115,2.1646,5.0823,0.875,0.0
1,river_logreg,650,183,,67.2115,2.3337,5.1793,0.9625,0.0
1,river_logreg,700,185,,67.2115,2.4967,5.2303,0.97,0.0
1,river_logreg,750,192,,67.2115,2.6482,5.4148,0.97,0.0
1,river_logreg,800,193,,67.2115,2.8553,5.4489,0.9775,0.0
1,river_logreg,850,193,,67.2115,3.0368,5.4489,0.9775,0.0
1,river_logreg,900,195,,67.2115,3.2208,5.5089,0.94,0.0
1,river_logreg,950,197,,67.2115,3.3864,5.5579,0.9675,0.0
1,river_logreg,1000,204,,67.2115,3.614,5.8,0.915,0.0
1,river_logreg,1050,206,,67.2115,3.786,5.8535,0.9275,0.0
1,river_logreg,1100,208,,67.2115,3.9566,5.907,0.925,0.0
1,river_logreg,1150,208,,67.2115,4.1322,5.907,0.925,0.0
1,river_logreg,1200,208,,67.2115,4.3538,5.907,0.925,0.0
1,river_logreg,1248,208,,67.2115,4.5113,5.907,0.925,0.0
1,bounded_substrate_reservoir_100,0,0,100,0.013,0.0,0.0,0.0,0.5525
1,bounded_substrate_reservoir_100,50,50,100,0.013,0.0065,0.0005,0.0,0.5525
1,bounded_substrate_reservoir_100,100,100,100,0.013,0.012,0.0005,0.0,0.5525
1,bounded_substrate_reservoir_100,150,150,100,0.013,0.0175,0.0005,0.08,0.54
1,bounded_substrate_reservoir_100,200,197,100,0.013,0.0225,0.0005,0.08,0.54
1,bounded_substrate_reservoir_100,250,245,100,0.013,0.028,0.0005,0.11,0.5425
1,bounded_substrate_reservoir_100,300,287,100,0.013,0.032,0.0005,0.145,0.545
1,bounded_substrate_reservoir_100,350,327,100,0.013,0.0365,0.0005,0.145,0.545
1,bounded_substrate_reservoir_100,400,370,100,0.013,0.0415,0.0005,0.145,0.545
1,bounded_substrate_reservoir_100,450,412,100,0.013,0.046,0.0005,0.145,0.545
1,bounded_substrate_reservoir_100,500,452,100,0.013,0.0505,0.0005,0.145,0.545
1,bounded_substrate_reservoir_100,550,493,100,0.013,0.0555,0.0005,0.145,0.545
1,bounded_substrate_reservoir_100,600,536,100,0.013,0.0605,0.0005,0.145,0.545
1,bounded_substrate_reservoir_100,650,573,100,0.013,0.065,0.0005,0.145,0.545
1,bounded_substrate_reservoir_100,700,614,100,0.013,0.0695,0.0005,0.145,0.545
1,bounded_substrate_reservoir_100,750,655,100,0.013,0.074,0.0005,0.145,0.545
1,bounded_substrate_reservoir_100,800,699,100,0.013,0.0785,0.0005,0.145,0.545
1,bounded_substrate_reservoir_100,850,743,100,0.013,0.0845,0.001,0.145,0.545
1,bounded_substrate_reservoir_100,900,783,100,0.013,0.0905,0.001,0.145,0.545
1,bounded_substrate_reservoir_100,950,823,100,0.013,0.095,0.0015,0.145,0.545
1,bounded_substrate_reservoir_100,1000,864,100,0.013,0.099,0.0015,0.145,0.545
1,bounded_substrate_reservoir_100,1050,903,100,0.013,0.1035,0.0015,0.155,0.545
1,bounded_substrate_reservoir_100,1100,946,100,0.013,0.1085,0.0015,0.155,0.545
1,bounded_substrate_reservoir_100,1150,988,100,0.013,0.1115,0.003,0.155,0.545
1,bounded_substrate_reservoir_100,1200,1020,100,0.013,0.1155,0.003,0.155,0.545
1,bounded_substrate_reservoir_100,1248,1056,100,0.013,0.12,0.003,0.2825,0.525
1,bounded_substrate_fifo_100,0,0,100,0.0035,0.0,0.0,0.0,0.015
1,bounded_substrate_fifo_100,50,12,100,0.0035,0.0015,0.0,0.835,0.015
1,bounded_substrate_fifo_100,100,17,100,0.0035,0.0025,0.0,0.965,0.015
1,bounded_substrate_fifo_100,150,19,100,0.0035,0.0035,0.0,0.9625,0.015
1,bounded_substrate_fifo_100,200,22,100,0.0035,0.0045,0.0,0.955,0.015
1,bounded_substrate_fifo_100,250,23,100,0.0035,0.0055,0.0,0.955,0.015
1,bounded_substrate_fifo_100,300,24,100,0.0035,0.006,0.0,0.935,0.015
1,bounded_substrate_fifo_100,350,27,100,0.0035,0.007,0.0,0.955,0.015
1,bounded_substrate_fifo_100,400,29,100,0.0035,0.008,0.0,0.97,0.015
1,bounded_substrate_fifo_100,450,29,100,0.0035,0.009,0.0,0.97,0.015
1,bounded_substrate_fifo_100,500,30,100,0.0035,0.01,0.0,0.9775,0.015
1,bounded_substrate_fifo_100,550,30,100,0.0035,0.0105,0.0,0.9775,0.015
1,bounded_substrate_fifo_100,600,31,100,0.0035,0.011,0.0,0.9775,0.015
1,bounded_substrate_fifo_100,650,33,100,0.0035,0.012,0.0,0.9775,0.015
1,bounded_substrate_fifo_100,700,33,100,0.0035,0.0125,0.0,0.9775,0.015
1,bounded_substrate_fifo_100,750,34,100,0.0035,0.013,0.0,0.9775,0.015
1,bounded_substrate_fifo_100,800,37,100,0.0035,0.014,0.0,0.99,0.015
1,bounded_substrate_fifo_100,850,37,100,0.0035,0.0145,0.0,0.99,0.015
1,bounded_substrate_fifo_100,900,39,100,0.0035,0.0155,0.0,0.9925,0.015
1,bounded_substrate_fifo_100,950,40,100,0.0035,0.0165,0.0,0.9925,0.015
1,bounded_substrate_fifo_100,1000,42,100,0.0035,0.0175,0.0,0.9925,0.015
1,bounded_substrate_fifo_100,1050,42,100,0.0035,0.0185,0.0,0.9925,0.015
1,bounded_substrate_fifo_100,1100,46,100,0.0035,0.0195,0.0,0.995,0.015
1,bounded_substrate_fifo_100,1150,46,100,0.0035,0.0205,0.0,0.995,0.015
1,bounded_substrate_fifo_100,1200,46,100,0.0035,0.021,0.0,0.995,0.015
1,bounded_substrate_fifo_100,1248,46,100,0.0035,0.0215,0.0,0.995,0.015
1,bounded_substrate_reservoir_500,0,0,500,0.0175,0.0,0.0,0.0,0.8375
1,bounded_substrate_reservoir_500,50,47,500,0.0175,0.0775,0.0045,0.0675,0.84
1,bounded_substrate_reservoir_500,100,89,500,0.0175,0.145,0.0095,0.185,0.8375
1,bounded_substrate_reservoir_500,150,127,500,0.0175,0.2271,0.0125,0.335,0.835
1,bounded_substrate_reservoir_500,200,160,500,0.0175,0.2911,0.015,0.43,0.835
1,bounded_substrate_reservoir_500,250,185,500,0.0175,0.3476,0.0175,0.44,0.835
1,bounded_substrate_reservoir_500,300,205,500,0.0175,0.3956,0.02,0.4675,0.835
1,bounded_substrate_reservoir_500,350,233,500,0.0175,0.4561,0.0225,0.47,0.8375
1,bounded_substrate_reservoir_500,400,256,500,0.0175,0.5051,0.023,0.47,0.8375
1,bounded_substrate_reservoir_500,450,281,500,0.0175,0.5561,0.0256,0.4825,0.84
1,bounded_substrate_reservoir_500,500,304,500,0.0175,0.6056,0.0266,0.4975,0.8425
1,bounded_substrate_reservoir_500,550,322,500,0.0175,0.6496,0.0301,0.58,0.84
1,bounded_substrate_reservoir_500,600,343,500,0.0175,0.6956,0.0326,0.58,0.84
1,bounded_substrate_reservoir_500,650,365,500,0.0175,0.7446,0.0346,0.6,0.8425
1,bounded_substrate_reservoir_500,700,381,500,0.0175,0.7847,0.0356,0.6,0.8425
1,bounded_substrate_reservoir_500,750,401,500,0.0175,0.8257,0.0376,0.6,0.8425
1,bounded_substrate_reservoir_500,800,417,500,0.0175,0.8687,0.0381,0.63,0.8425
1,bounded_substrate_reservoir_500,850,440,500,0.0175,0.9207,0.0401,0.63,0.8425
1,bounded_substrate_reservoir_500,900,455,500,0.0175,0.9562,0.0411,0.635,0.8425
1,bounded_substrate_reservoir_500,950,471,500,0.0175,0.9932,0.0416,0.65,0.8425
1,bounded_substrate_reservoir_500,1000,489,500,0.0175,1.0337,0.0431,0.6525,0.845
1,bounded_substrate_reservoir_500,1050,506,500,0.0175,1.0697,0.0461,0.74,0.845
1,bounded_substrate_reservoir_500,1100,519,500,0.0175,1.1012,0.0471,0.7825,0.8425
1,bounded_substrate_reservoir_500,1150,534,500,0.0175,1.1348,0.0476,0.7825,0.8425
1,bounded_substrate_reservoir_500,1200,545,500,0.0175,1.1618,0.0491,0.7825,0.8425
1,bounded_substrate_reservoir_500,1248,557,500,0.0175,1.1883,0.0501,0.805,0.8425
1,bounded_substrate_fifo_500,0,0,500,0.003,0.0,0.0,0.0,0.0575
1,bounded_substrate_fifo_500,50,15,500,0.003,0.0315,0.0015,0.7925,0.0575
1,bounded_substrate_fifo_500,100,21,500,0.003,0.049,0.002,0.94,0.0575
1,bounded_substrate_fifo_500,150,25,500,0.003,0.067,0.002,0.9375,0.0575
1,bounded_substrate_fifo_500,200,31,500,0.003,0.0865,0.0025,0.955,0.0575
1,bounded_substrate_fifo_500,250,34,500,0.003,0.101,0.003,0.96,0.0575
1,bounded_substrate_fifo_500,300,36,500,0.003,0.1145,0.003,0.9575,0.0575
1,bounded_substrate_fifo_500,350,39,500,0.003,0.129,0.0045,0.96,0.0575
1,bounded_substrate_fifo_500,400,41,500,0.003,0.1435,0.0045,0.965,0.0575
1,bounded_substrate_fifo_500,450,41,500,0.003,0.1555,0.0045,0.965,0.0575
1,bounded_substrate_fifo_500,500,42,500,0.003,0.17,0.0045,0.965,0.0575
1,bounded_substrate_fifo_500,550,42,500,0.003,0.182,0.0045,0.965,0.0575
1,bounded_substrate_fifo_500,600,43,500,0.003,0.193,0.0055,0.965,0.0575
1,bounded_substrate_fifo_500,650,45,500,0.003,0.207,0.0055,0.9675,0.0575
1,bounded_substrate_fifo_500,700,46,500,0.003,0.2195,0.0055,0.97,0.0575
1,bounded_substrate_fifo_500,750,48,500,0.003,0.2335,0.0055,0.97,0.0575
1,bounded_substrate_fifo_500,800,50,500,0.003,0.2495,0.0055,0.975,0.0575
1,bounded_substrate_fifo_500,850,50,500,0.003,0.2605,0.0055,0.975,0.0575
1,bounded_substrate_fifo_500,900,51,500,0.003,0.2746,0.0055,0.965,0.0575
1,bounded_substrate_fifo_500,950,52,500,0.003,0.2866,0.0055,0.965,0.0575
1,bounded_substrate_fifo_500,1000,54,500,0.003,0.3011,0.0055,0.965,0.0575
1,bounded_substrate_fifo_500,1050,55,500,0.003,0.3151,0.0055,0.965,0.0575
1,bounded_substrate_fifo_500,1100,58,500,0.003,0.3316,0.0055,0.97,0.0575
1,bounded_substrate_fifo_500,1150,60,500,0.003,0.3456,0.0055,0.9725,0.0575
1,bounded_substrate_fifo_500,1200,61,500,0.003,0.3566,0.0065,0.98,0.0575
1,bounded_substrate_fifo_500,1248,61,500,0.003,0.3691,0.0065,0.98,0.0575
1,bounded_substrate_reservoir_1000,0,0,1000,0.014,0.0,0.0,0.0,0.8975
1,bounded_substrate_reservoir_1000,50,41,1000,0.014,0.1456,0.0065,0.2725,0.8975
1,bounded_substrate_reservoir_1000,100,73,1000,0.014,0.2647,0.0085,0.415,0.895
1,bounded_substrate_reservoir_1000,150,101,1000,0.014,0.3678,0.011,0.47,0.895
1,bounded_substrate_reservoir_1000,200,129,1000,0.014,0.4754,0.0175,0.5575,0.895
1,bounded_substrate_reservoir_1000,250,154,1000,0.014,0.59,0.0225,0.565,0.895
1,bounded_substrate_reservoir_1000,300,176,1000,0.014,0.6746,0.0245,0.6575,0.895
1,bounded_substrate_reservoir_1000,350,200,1000,0.014,0.7836,0.029,0.6975,0.8975
1,bounded_substrate_reservoir_1000,400,215,1000,0.014,0.8586,0.031,0.71,0.8975
1,bounded_substrate_reservoir_1000,450,234,1000,0.014,0.9397,0.034,0.71,0.8975
1,bounded_substrate_reservoir_1000,500,253,1000,0.014,1.0227,0.038,0.71,0.8975
1,bounded_substrate_reservoir_1000,550,264,1000,0.014,1.0757,0.04,0.735,0.8975
1,bounded_substrate_reservoir_1000,600,277,1000,0.014,1.1348,0.043,0.7525,0.8975
1,bounded_substrate_reservoir_1000,650,285,1000,0.014,1.1813,0.0435,0.7525,0.8975
1,bounded_substrate_reservoir_1000,700,298,1000,0.014,1.2393,0.0465,0.7725,0.8975
1,bounded_substrate_reservoir_1000,750,310,1000,0.014,1.2903,0.0485,0.7725,0.8975
1,bounded_substrate_reservoir_1000,800,322,1000,0.014,1.3433,0.05,0.795,0.8975
1,bounded_substrate_reservoir_1000,850,331,1000,0.014,1.3937,0.0526,0.795,0.8975
1,bounded_substrate_reservoir_1000,900,341,1000,0.014,1.4433,0.0536,0.795,0.8975
1,bounded_substrate_reservoir_1000,950,356,1000,0.014,1.5128,0.0576,0.805,0.8975
1,bounded_substrate_reservoir_1000,1000,371,1000,0.014,1.5813,0.0602,0.805,0.8975
1,bounded_substrate_reservoir_1000,1050,377,1000,0.014,1.6153,0.0612,0.815,0.8975
1,bounded_substrate_reservoir_1000,1100,382,1000,0.014,1.6493,0.0617,0.8275,0.8975
1,bounded_substrate_reservoir_1000,1150,392,1000,0.014,1.6913,0.0637,0.8275,0.8975
1,bounded_substrate_reservoir_1000,1200,399,1000,0.014,1.7288,0.0642,0.8275,0.8975
1,bounded_substrate_reservoir_1000,1248,405,1000,0.014,1.7578,0.0661,0.8275,0.8975
1,bounded_substrate_fifo_1000,0,0,1000,0.0045,0.0,0.0,0.0,0.12
1,bounded_substrate_fifo_1000,50,20,1000,0.0045,0.08,0.0015,0.71,0.1175
1,bounded_substrate_fifo_1000,100,30,1000,0.0045,0.118,0.003,0.925,0.105
1,bounded_substrate_fifo_1000,150,35,1000,0.0045,0.142,0.0035,0.9275,0.1025
1,bounded_substrate_fifo_1000,200,41,1000,0.0045,0.1791,0.004,0.9475,0.1025
1,bounded_substrate_fifo_1000,250,45,1000,0.0045,0.2061,0.0055,0.9475,0.1025
1,bounded_substrate_fifo_1000,300,47,1000,0.0045,0.2226,0.006,0.9475,0.1025
1,bounded_substrate_fifo_1000,350,51,1000,0.0045,0.2466,0.007,0.95,0.1025
1,bounded_substrate_fifo_1000,400,53,1000,0.0045,0.2641,0.007,0.95,0.1025
1,bounded_substrate_fifo_1000,450,56,1000,0.0045,0.2881,0.008,0.95,0.1025
1,bounded_substrate_fifo_1000,500,58,1000,0.0045,0.3066,0.008,0.95,0.1025
1,bounded_substrate_fifo_1000,550,58,1000,0.0045,0.3181,0.008,0.95,0.1025
1,bounded_substrate_fifo_1000,600,59,1000,0.0045,0.3326,0.008,0.9525,0.1025
1,bounded_substrate_fifo_1000,650,61,1000,0.0045,0.3491,0.008,0.95,0.1025
1,bounded_substrate_fifo_1000,700,63,1000,0.0045,0.3686,0.008,0.965,0.1025
1,bounded_substrate_fifo_1000,750,65,1000,0.0045,0.3866,0.009,0.965,0.1025
1,bounded_substrate_fifo_1000,800,66,1000,0.0045,0.4026,0.009,0.97,0.1025
1,bounded_substrate_fifo_1000,850,67,1000,0.0045,0.4171,0.009,0.97,0.1025
1,bounded_substrate_fifo_1000,900,69,1000,0.0045,0.4361,0.009,0.965,0.1025
1,bounded_substrate_fifo_1000,950,70,1000,0.0045,0.4502,0.009,0.9625,0.1025
1,bounded_substrate_fifo_1000,1000,71,1000,0.0045,0.4637,0.009,0.9625,0.1025
1,bounded_substrate_fifo_1000,1050,72,1000,0.0045,0.4787,0.009,0.9625,0.1025
1,bounded_substrate_fifo_1000,1100,75,1000,0.0045,0.4982,0.0095,0.965,0.1025
1,bounded_substrate_fifo_1000,1150,77,1000,0.0045,0.5167,0.01,0.9675,0.1025
1,bounded_substrate_fifo_1000,1200,78,1000,0.0045,0.5317,0.0105,0.9675,0.1025
1,bounded_substrate_fifo_1000,1248,79,1000,0.0045,0.5458,0.0105,0.9675,0.1025
1,bounded_substrate_reservoir_5000,0,0,5000,0.008,0.0,0.0,0.0,0.94
1,bounded_substrate_reservoir_5000,50,37,5000,0.008,0.6416,0.027,0.44,0.94
1,bounded_substrate_reservoir_5000,100,59,5000,0.008,1.0077,0.04,0.62,0.94
1,bounded_substrate_reservoir_5000,150,79,5000,0.008,1.3483,0.0545,0.7175,0.94
1,bounded_substrate_reservoir_5000,200,95,5000,0.008,1.6288,0.065,0.7425,0.94
1,bounded_substrate_reservoir_5000,250,112,5000,0.008,1.9049,0.076,0.785,0.94
1,bounded_substrate_reservoir_5000,300,127,5000,0.008,2.1744,0.0865,0.805,0.94
1,bounded_substrate_reservoir_5000,350,144,5000,0.008,2.4555,0.0986,0.8275,0.94
1,bounded_substrate_reservoir_5000,400,150,5000,0.008,2.567,0.1026,0.8575,0.94
1,bounded_substrate_reservoir_5000,450,161,5000,0.008,2.7606,0.1101,0.8675,0.94
1,bounded_substrate_reservoir_5000,500,174,5000,0.008,3.0096,0.1206,0.87,0.94
1,bounded_substrate_reservoir_5000,550,180,5000,0.008,3.1161,0.1241,0.87,0.94
1,bounded_substrate_reservoir_5000,600,186,5000,0.008,3.2256,0.1281,0.8775,0.94
1,bounded_substrate_reservoir_5000,650,194,5000,0.008,3.3847,0.1341,0.88,0.94
1,bounded_substrate_reservoir_5000,700,202,5000,0.008,3.5232,0.1401,0.8825,0.94
1,bounded_substrate_reservoir_5000,750,213,5000,0.008,3.7056,0.1493,0.895,0.94
1,bounded_substrate_reservoir_5000,800,217,5000,0.008,3.7911,0.1513,0.895,0.94
1,bounded_substrate_reservoir_5000,850,221,5000,0.008,3.8711,0.1533,0.895,0.94
1,bounded_substrate_reservoir_5000,900,225,5000,0.008,3.9406,0.1558,0.9025,0.94
1,bounded_substrate_reservoir_5000,950,229,5000,0.008,4.0136,0.1593,0.91,0.94
1,bounded_substrate_reservoir_5000,1000,236,5000,0.008,4.1361,0.1638,0.91,0.94
1,bounded_substrate_reservoir_5000,1050,240,5000,0.008,4.2126,0.1663,0.9125,0.94
1,bounded_substrate_reservoir_5000,1100,244,5000,0.008,4.3042,0.1698,0.9125,0.94
1,bounded_substrate_reservoir_5000,1150,249,5000,0.008,4.3952,0.1748,0.915,0.94
1,bounded_substrate_reservoir_5000,1200,253,5000,0.008,4.4722,0.1783,0.9175,0.94
1,bounded_substrate_reservoir_5000,1248,258,5000,0.008,4.5502,0.1818,0.9175,0.94
1,bounded_substrate_fifo_5000,0,0,5000,0.008,0.0,0.0,0.0,0.5625
1,bounded_substrate_fifo_5000,50,29,5000,0.008,0.4971,0.0185,0.515,0.5525
1,bounded_substrate_fifo_5000,100,44,5000,0.008,0.7387,0.029,0.785,0.5525
1,bounded_substrate_fifo_5000,150,56,5000,0.008,0.9779,0.0375,0.83,0.5525
1,bounded_substrate_fifo_5000,200,68,5000,0.008,1.2009,0.046,0.855,0.55
1,bounded_substrate_fifo_5000,250,78,5000,0.008,1.3786,0.0525,0.87,0.55
1,bounded_substrate_fifo_5000,300,87,5000,0.008,1.5452,0.0581,0.875,0.55
1,bounded_substrate_fifo_5000,350,101,5000,0.008,1.7888,0.0676,0.9075,0.55
1,bounded_substrate_fifo_5000,400,104,5000,0.008,1.8519,0.0701,0.91,0.55
1,bounded_substrate_fifo_5000,450,114,5000,0.008,2.0404,0.0776,0.9125,0.55
1,bounded_substrate_fifo_5000,500,121,5000,0.008,2.1884,0.0826,0.9175,0.5475
1,bounded_substrate_fifo_5000,550,126,5000,0.008,2.285,0.0851,0.92,0.5475
1,bounded_substrate_fifo_5000,600,132,5000,0.008,2.3955,0.0886,0.925,0.54
1,bounded_substrate_fifo_5000,650,135,5000,0.008,2.454,0.0906,0.925,0.54
1,bounded_substrate_fifo_5000,700,140,5000,0.008,2.5395,0.0951,0.9275,0.54
1,bounded_substrate_fifo_5000,750,146,5000,0.008,2.653,0.0996,0.9325,0.54
1,bounded_substrate_fifo_5000,800,149,5000,0.008,2.717,0.1016,0.9325,0.54
1,bounded_substrate_fifo_5000,850,151,5000,0.008,2.7586,0.1026,0.9325,0.54
1,bounded_substrate_fifo_5000,900,156,5000,0.008,2.8326,0.1066,0.93,0.54
1,bounded_substrate_fifo_5000,950,161,5000,0.008,2.9426,0.1106,0.9325,0.535
1,bounded_substrate_fifo_5000,1000,166,5000,0.008,3.0471,0.1136,0.935,0.535
1,bounded_substrate_fifo_5000,1050,168,5000,0.008,3.0926,0.1146,0.935,0.535
1,bounded_substrate_fifo_5000,1100,171,5000,0.008,3.1391,0.1166,0.9375,0.535
1,bounded_substrate_fifo_5000,1150,178,5000,0.008,3.2857,0.1216,0.94,0.535
1,bounded_substrate_fifo_5000,1200,181,5000,0.008,3.3482,0.1236,0.94,0.535
1,bounded_substrate_fifo_5000,1248,184,5000,0.008,3.3927,0.1256,0.94,0.535
2,substrate,0,0,,3.2748,0.0,0.0,0.0,0.9625
2,substrate,50,41,,3.2748,0.0215,0.0175,0.3175,0.9625
2,substrate,100,66,,3.2748,0.0435,0.0285,0.4575,0.9625
2,substrate,150,95,,3.2748,0.0665,0.0425,0.5725,0.9625
2,substrate,200,118,,3.2748,0.093,0.053,0.6125,0.9625
2,substrate,250,138,,3.2748,0.115,0.0615,0.665,0.9625
2,substrate,300,157,,3.2748,0.1381,0.0705,0.6875,0.9625
2,substrate,350,173,,3.2748,0.1626,0.0795,0.73,0.9625
2,substrate,400,181,,3.2748,0.1861,0.0835,0.7475,0.9625
2,substrate,450,196,,3.2748,0.2081,0.0895,0.7575,0.9625
2,substrate,500,207,,3.2748,0.2336,0.095,0.7625,0.9625
2,substrate,550,219,,3.2748,0.2561,0.1,0.7725,0.9625
2,substrate,600,227,,3.2748,0.2791,0.104,0.775,0.9625
2,substrate,650,243,,3.2748,0.3016,0.112,0.7875,0.9625
2,substrate,700,252,,3.2748,0.3256,0.1165,0.805,0.96
2,substrate,750,261,,3.2748,0.3481,0.1205,0.8125,0.96
2,substrate,800,271,,3.2748,0.3696,0.125,0.8175,0.96
2,substrate,850,287,,3.2748,0.3926,0.134,0.8325,0.96
2,substrate,900,297,,3.2748,0.4173,0.14,0.8375,0.96
2,substrate,950,302,,3.2748,0.4398,0.1425,0.84,0.96
2,substrate,1000,308,,3.2748,0.4628,0.145,0.8425,0.96
2,substrate,1050,315,,3.2748,0.4873,0.148,0.8525,0.96
2,substrate,1100,323,,3.2748,0.5098,0.153,0.855,0.96
2,substrate,1150,329,,3.2748,0.5328,0.156,0.86,0.96
2,substrate,1200,332,,3.2748,0.5574,0.157,0.86,0.96
2,substrate,1250,342,,3.2748,0.5824,0.1615,0.8625,0.96
2,substrate,1300,351,,3.2748,0.6064,0.1655,0.87,0.96
2,substrate,1350,354,,3.2748,0.6294,0.1675,0.87,0.96
2,substrate,1400,366,,3.2748,0.6539,0.174,0.87,0.96
2,substrate,1450,373,,3.2748,0.6789,0.178,0.8725,0.96
2,substrate,1500,376,,3.2748,0.7014,0.1795,0.8725,0.96
2,substrate,1517,377,,3.2748,0.7094,0.18,0.8725,0.96
2,online_linear,0,0,,0.6597,0.0,0.0,0.0,0.9575
2,online_linear,50,50,,0.6597,0.0025,0.008,0.0,0.9575
2,online_linear,100,100,,0.6597,0.004,0.017,0.0,0.9575
2,online_linear,150,150,,0.6597,0.0065,0.025,0.0,0.955
2,online_linear,200,200,,0.6597,0.008,0.0335,0.0,0.955
2,online_linear,250,250,,0.6597,0.0095,0.041,0.0,0.955
2,online_linear,300,300,,0.6597,0.01,0.0495,0.0,0.9525
2,online_linear,350,350,,0.6597,0.0117,0.0564,0.0,0.955
2,online_linear,400,400,,0.6597,0.0132,0.0664,0.0,0.9525
2,online_linear,450,450,,0.6597,0.0142,0.0734,0.0,0.9525
2,online_linear,500,500,,0.6597,0.0157,0.0824,0.0,0.95
2,online_linear,550,550,,0.6597,0.0187,0.0899,0.0,0.95
2,online_linear,600,600,,0.6597,0.0217,0.0959,0.0,0.95
2,online_linear,650,650,,0.6597,0.0232,0.1039,0.0,0.95
2,online_linear,700,699,,0.6597,0.0257,0.1124,0.015,0.95
2,online_linear,750,748,,0.6597,0.0277,0.1199,0.0275,0.95
2,online_linear,800,797,,0.6597,0.0297,0.1279,0.0575,0.95
2,online_linear,850,847,,0.6597,0.0312,0.1364,0.1075,0.95
2,online_linear,900,893,,0.6597,0.0327,0.1434,0.1525,0.945
2,online_linear,950,929,,0.6597,0.0352,0.1479,0.2125,0.945
2,online_linear,1000,963,,0.6597,0.0377,0.1519,0.2375,0.945
2,online_linear,1050,1001,,0.6597,0.0397,0.1579,0.2975,0.9425
2,online_linear,1100,1035,,0.6597,0.0422,0.1629,0.34,0.9425
2,online_linear,1150,1061,,0.6597,0.0422,0.1689,0.3675,0.9425
2,online_linear,1200,1088,,0.6597,0.0432,0.1734,0.4025,0.9375
2,online_linear,1250,1114,,0.6597,0.0442,0.1784,0.4375,0.935
2,online_linear,1300,1138,,0.6597,0.0452,0.1824,0.49,0.935
2,online_linear,1350,1155,,0.6597,0.0462,0.1859,0.5425,0.935
2,online_linear,1400,1178,,0.6597,0.0482,0.1899,0.5675,0.935
2,online_linear,1450,1198,,0.6597,0.0482,0.1944,0.57,0.935
2,online_linear,1500,1220,,0.6597,0.0497,0.1984,0.6425,0.935
2,online_linear,1517,1224,,0.6597,0.0497,0.1994,0.66,0.935
2,a_gem,0,0,,0.6388,0.0,0.0,0.0,0.9575
2,a_gem,50,50,,0.6388,0.002,0.031,0.0,0.9575
2,a_gem,100,100,,0.6388,0.005,0.062,0.0,0.9575
2,a_gem,150,150,,0.6388,0.0075,0.095,0.0,0.955
2,a_gem,200,200,,0.6388,0.009,0.1305,0.0,0.955
2,a_gem,250,250,,0.6388,0.0115,0.161,0.0,0.955
2,a_gem,300,300,,0.6388,0.014,0.1915,0.0,0.9525
2,a_gem,350,350,,0.6388,0.0165,0.2235,0.0,0.955
2,a_gem,400,400,,0.6388,0.02,0.2531,0.0,0.955
2,a_gem,450,450,,0.6388,0.0215,0.2831,0.0,0.9525
2,a_gem,500,500,,0.6388,0.0235,0.3141,0.0,0.95
2,a_gem,550,550,,0.6388,0.024,0.3526,0.0,0.9525
2,a_gem,600,600,,0.6388,0.0255,0.3846,0.0,0.9525
2,a_gem,650,650,,0.6388,0.028,0.4181,0.0,0.95
2,a_gem,700,699,,0.6388,0.0295,0.4496,0.01,0.95
2,a_gem,750,748,,0.6388,0.0315,0.4832,0.0275,0.95
2,a_gem,800,797,,0.6388,0.033,0.5147,0.05,0.95
2,a_gem,850,847,,0.6388,0.034,0.5477,0.08,0.95
2,a_gem,900,893,,0.6388,0.0365,0.5772,0.12,0.9475
2,a_gem,950,931,,0.6388,0.0365,0.6057,0.1825,0.9475
2,a_gem,1000,969,,0.6388,0.038,0.6307,0.205,0.9475
2,a_gem,1050,1007,,0.6388,0.0405,0.6577,0.2275,0.9425
2,a_gem,1100,1046,,0.6388,0.043,0.6852,0.2875,0.9425
2,a_gem,1150,1079,,0.6388,0.045,0.7062,0.315,0.9425
2,a_gem,1200,1110,,0.6388,0.0465,0.7277,0.3425,0.9425
2,a_gem,1250,1139,,0.6388,0.0475,0.7452,0.3775,0.9425
2,a_gem,1300,1168,,0.6388,0.049,0.7648,0.435,0.9425
2,a_gem,1350,1188,,0.6388,0.0505,0.7798,0.4625,0.9425
2,a_gem,1400,1221,,0.6388,0.0525,0.8023,0.4925,0.9425
2,a_gem,1450,1243,,0.6388,0.0535,0.8168,0.4975,0.94
2,a_gem,1500,1267,,0.6388,0.054,0.8333,0.55,0.94
2,a_gem,1517,1271,,0.6388,0.054,0.8363,0.5725,0.94
2,river_logreg,0,0,,68.0856,0.0,0.0,0.0,0.15
2,river_logreg,50,46,,68.0856,0.1911,1.3439,0.2,0.0
2,river_logreg,100,81,,68.0856,0.3887,2.3897,0.4825,0.0
2,river_logreg,150,105,,68.0856,0.5803,3.0979,0.6375,0.0
2,river_logreg,200,127,,68.0856,0.776,3.7451,0.72,0.0
2,river_logreg,250,135,,68.0856,0.9395,3.9487,0.8325,0.0
2,river_logreg,300,140,,68.0856,1.0911,4.0773,0.89,0.0
2,river_logreg,350,149,,68.0856,1.2722,4.3564,0.925,0.0
2,river_logreg,400,151,,68.0856,1.4573,4.4235,0.905,0.0
2,river_logreg,450,168,,68.0856,1.6418,4.9301,0.5875,0.0
2,river_logreg,500,174,,68.0856,1.8444,5.1217,0.8725,0.0
2,river_logreg,550,180,,68.0856,1.9939,5.2752,0.965,0.0
2,river_logreg,600,180,,68.0856,2.1765,5.2752,0.965,0.0
2,river_logreg,650,189,,68.0856,2.369,5.5223,0.89,0.0
2,river_logreg,700,196,,68.0856,2.5236,5.7034,0.9475,0.0
2,river_logreg,750,199,,68.0856,2.6746,5.7789,0.9525,0.0
2,river_logreg,800,204,,68.0856,2.8477,5.9274,0.9525,0.0
2,river_logreg,850,208,,68.0856,3.0513,6.052,0.935,0.0
2,river_logreg,900,215,,68.0856,3.2158,6.242,0.8175,0.0
2,river_logreg,950,218,,68.0856,3.4155,6.3397,0.8775,0.0
2,river_logreg,1000,220,,68.0856,3.6313,6.4038,0.91,0.0
2,river_logreg,1050,221,,68.0856,3.7835,6.4338,0.9375,0.0
2,river_logreg,1100,224,,68.0856,3.9653,6.5259,0.9175,0.0
2,river_logreg,1150,229,,68.0856,4.1305,6.6763,0.9375,0.0
2,river_logreg,1200,232,,68.0856,4.2832,6.7509,0.9325,0.0
2,river_logreg,1250,236,,68.0856,4.4299,6.8655,0.9625,0.0
2,river_logreg,1300,238,,68.0856,4.5719,6.9355,0.9325,0.0
2,river_logreg,1350,240,,68.0856,4.7155,6.9845,0.9075,0.0
2,river_logreg,1400,252,,68.0856,4.91,7.3156,0.7525,0.0
2,river_logreg,1450,260,,68.0856,5.0611,7.5167,0.9075,0.0
2,river_logreg,1500,261,,68.0856,5.2076,7.5442,0.9525,0.0
2,river_logreg,1517,262,,68.0856,5.2542,7.5672,0.9575,0.0
2,bounded_substrate_reservoir_100,0,0,100,0.0125,0.0,0.0,0.0,0.5425
2,bounded_substrate_reservoir_100,50,48,100,0.0125,0.0055,0.0,0.0475,0.54
2,bounded_substrate_reservoir_100,100,98,100,0.0125,0.011,0.0005,0.0475,0.54
2,bounded_substrate_reservoir_100,150,145,100,0.0125,0.016,0.001,0.0475,0.54
2,bounded_substrate_reservoir_100,200,194,100,0.0125,0.0205,0.0015,0.0475,0.54
2,bounded_substrate_reservoir_100,250,243,100,0.0125,0.026,0.0025,0.09,0.54
2,bounded_substrate_reservoir_100,300,288,100,0.0125,0.0305,0.003,0.2025,0.5375
2,bounded_substrate_reservoir_100,350,327,100,0.0125,0.0345,0.003,0.2025,0.5375
2,bounded_substrate_reservoir_100,400,368,100,0.0125,0.038,0.0035,0.245,0.5375
2,bounded_substrate_reservoir_100,450,408,100,0.0125,0.043,0.004,0.245,0.5375
2,bounded_substrate_reservoir_100,500,445,100,0.0125,0.0465,0.0045,0.245,0.5375
2,bounded_substrate_reservoir_100,550,478,100,0.0125,0.05,0.0045,0.245,0.5375
2,bounded_substrate_reservoir_100,600,510,100,0.0125,0.055,0.0045,0.365,0.525
2,bounded_substrate_reservoir_100,650,546,100,0.0125,0.059,0.0045,0.375,0.5275
2,bounded_substrate_reservoir_100,700,578,100,0.0125,0.063,0.0045,0.375,0.5275
2,bounded_substrate_reservoir_100,750,610,100,0.0125,0.068,0.0045,0.375,0.5275
2,bounded_substrate_reservoir_100,800,643,100,0.0125,0.072,0.0045,0.375,0.5275
2,bounded_substrate_reservoir_100,850,677,100,0.0125,0.0755,0.0045,0.395,0.5275
2,bounded_substrate_reservoir_100,900,708,100,0.0125,0.079,0.0045,0.395,0.5275
2,bounded_substrate_reservoir_100,950,733,100,0.0125,0.0815,0.0045,0.395,0.5275
2,bounded_substrate_reservoir_100,1000,762,100,0.0125,0.0845,0.0045,0.395,0.5275
2,bounded_substrate_reservoir_100,1050,791,100,0.0125,0.0885,0.0045,0.395,0.5275
2,bounded_substrate_reservoir_100,1100,819,100,0.0125,0.0915,0.0045,0.395,0.5275
2,bounded_substrate_reservoir_100,1150,846,100,0.0125,0.094,0.0045,0.4025,0.5275
2,bounded_substrate_reservoir_100,1200,868,100,0.0125,0.097,0.0045,0.45,0.5225
2,bounded_substrate_reservoir_100,1250,894,100,0.0125,0.1,0.0045,0.515,0.525
2,bounded_substrate_reservoir_100,1300,916,100,0.0125,0.102,0.0045,0.535,0.52
2,bounded_substrate_reservoir_100,1350,939,100,0.0125,0.1045,0.005,0.535,0.52
2,bounded_substrate_reservoir_100,1400,961,100,0.0125,0.108,0.005,0.535,0.52
2,bounded_substrate_reservoir_100,1450,987,100,0.0125,0.1115,0.005,0.535,0.52
2,bounded_substrate_reservoir_100,1500,1009,100,0.0125,0.114,0.005,0.535,0.52
2,bounded_substrate_reservoir_100,1517,1017,100,0.0125,0.1145,0.005,0.535,0.52
2,bounded_substrate_fifo_100,0,0,100,0.003,0.0,0.0,0.0,0.015
2,bounded_substrate_fifo_100,50,12,100,0.003,0.0015,0.0,0.9225,0.015
2,bounded_substrate_fifo_100,100,18,100,0.003,0.003,0.0,0.9075,0.015
2,bounded_substrate_fifo_100,150,27,100,0.003,0.0045,0.0,0.9475,0.015
2,bounded_substrate_fifo_100,200,28,100,0.003,0.0055,0.0,0.9475,0.015
2,bounded_substrate_fifo_100,250,29,100,0.003,0.0065,0.0,0.9475,0.015
2,bounded_substrate_fifo_100,300,34,100,0.003,0.0075,0.0,0.945,0.015
2,bounded_substrate_fifo_100,350,35,100,0.003,0.0085,0.0,0.945,0.015
2,bounded_substrate_fifo_100,400,35,100,0.003,0.009,0.0,0.945,0.015
2,bounded_substrate_fifo_100,450,40,100,0.003,0.0105,0.0,0.9375,0.015
2,bounded_substrate_fifo_100,500,43,100,0.003,0.0115,0.0,0.9425,0.015
2,bounded_substrate_fifo_100,550,46,100,0.003,0.0125,0.0,0.955,0.015
2,bounded_substrate_fifo_100,600,48,100,0.003,0.013,0.0,0.96,0.015
2,bounded_substrate_fifo_100,650,49,100,0.003,0.0145,0.0,0.9625,0.015
2,bounded_substrate_fifo_100,700,49,100,0.003,0.015,0.0,0.9625,0.015
2,bounded_substrate_fifo_100,750,51,100,0.003,0.016,0.0,0.96,0.015
2,bounded_substrate_fifo_100,800,51,100,0.003,0.0165,0.0,0.96,0.015
2,bounded_substrate_fifo_100,850,53,100,0.003,0.0175,0.0,0.96,0.015
2,bounded_substrate_fifo_100,900,56,100,0.003,0.0185,0.0,0.9675,0.015
2,bounded_substrate_fifo_100,950,57,100,0.003,0.019,0.0,0.97,0.015
2,bounded_substrate_fifo_100,1000,57,100,0.003,0.0195,0.0,0.97,0.015
2,bounded_substrate_fifo_100,1050,58,100,0.003,0.0205,0.0,0.9725,0.015
2,bounded_substrate_fifo_100,1100,60,100,0.003,0.021,0.0,0.9775,0.015
2,bounded_substrate_fifo_100,1150,60,100,0.003,0.022,0.0,0.9775,0.015
2,bounded_substrate_fifo_100,1200,63,100,0.003,0.023,0.0,0.975,0.015
2,bounded_substrate_fifo_100,1250,65,100,0.003,0.024,0.0,0.975,0.015
2,bounded_substrate_fifo_100,1300,69,100,0.003,0.0255,0.0,0.98,0.015
2,bounded_substrate_fifo_100,1350,69,100,0.003,0.0265,0.0,0.98,0.015
2,bounded_substrate_fifo_100,1400,72,100,0.003,0.0275,0.0,0.9825,0.015
2,bounded_substrate_fifo_100,1450,73,100,0.003,0.0285,0.0,0.985,0.015
2,bounded_substrate_fifo_100,1500,73,100,0.003,0.029,0.0,0.985,0.015
2,bounded_substrate_fifo_100,1517,73,100,0.003,0.0295,0.0,0.985,0.015
2,bounded_substrate_reservoir_500,0,0,500,0.0105,0.0,0.0,0.0,0.8725
2,bounded_substrate_reservoir_500,50,49,500,0.0105,0.0866,0.004,0.11,0.8725
2,bounded_substrate_reservoir_500,100,93,500,0.0105,0.1571,0.0075,0.115,0.8725
2,bounded_substrate_reservoir_500,150,136,500,0.0105,0.2266,0.012,0.175,0.87
2,bounded_substrate_reservoir_500,200,173,500,0.0105,0.2996,0.0145,0.2175,0.87
2,bounded_substrate_reservoir_500,250,206,500,0.0105,0.3592,0.016,0.24,0.87
2,bounded_substrate_reservoir_500,300,237,500,0.0105,0.4127,0.019,0.24,0.87
2,bounded_substrate_reservoir_500,350,271,500,0.0105,0.4768,0.023,0.2525,0.87
2,bounded_substrate_reservoir_500,400,304,500,0.0105,0.5388,0.025,0.2625,0.87
2,bounded_substrate_reservoir_500,450,341,500,0.0105,0.6093,0.027,0.27,0.87
2,bounded_substrate_reservoir_500,500,375,500,0.0105,0.6749,0.0285,0.2725,0.87
2,bounded_substrate_reservoir_500,550,411,500,0.0105,0.7334,0.0315,0.3375,0.87
2,bounded_substrate_reservoir_500,600,440,500,0.0105,0.7859,0.0365,0.3375,0.87
2,bounded_substrate_reservoir_500,650,472,500,0.0105,0.8509,0.0385,0.34,0.87
2,bounded_substrate_reservoir_500,700,505,500,0.0105,0.9084,0.0385,0.34,0.87
2,bounded_substrate_reservoir_500,750,537,500,0.0105,0.9594,0.0415,0.34,0.87
2,bounded_substrate_reservoir_500,800,563,500,0.0105,1.0024,0.0435,0.365,0.87
2,bounded_substrate_reservoir_500,850,597,500,0.0105,1.0614,0.045,0.4275,0.87
2,bounded_substrate_reservoir_500,900,623,500,0.0105,1.1095,0.0465,0.5225,0.8675
2,bounded_substrate_reservoir_500,950,644,500,0.0105,1.1545,0.0485,0.5225,0.8675
2,bounded_substrate_reservoir_500,1000,664,500,0.0105,1.1915,0.0495,0.54,0.8675
2,bounded_substrate_reservoir_500,1050,687,500,0.0105,1.2325,0.0515,0.5825,0.8675
2,bounded_substrate_reservoir_500,1100,706,500,0.0105,1.269,0.052,0.59,0.8675
2,bounded_substrate_reservoir_500,1150,730,500,0.0105,1.312,0.0535,0.605,0.8675
2,bounded_substrate_reservoir_500,1200,746,500,0.0105,1.3425,0.055,0.605,0.8675
2,bounded_substrate_reservoir_500,1250,762,500,0.0105,1.3766,0.0585,0.625,0.865
2,bounded_substrate_reservoir_500,1300,782,500,0.0105,1.4156,0.0585,0.625,0.865
2,bounded_substrate_reservoir_500,1350,795,500,0.0105,1.4421,0.059,0.625,0.865
2,bounded_substrate_reservoir_500,1400,817,500,0.0105,1.4821,0.06,0.625,0.865
2,bounded_substrate_reservoir_500,1450,829,500,0.0105,1.5096,0.0605,0.6375,0.865
2,bounded_substrate_reservoir_500,1500,840,500,0.0105,1.5341,0.061,0.6375,0.865
2,bounded_substrate_reservoir_500,1517,846,500,0.0105,1.5451,0.062,0.6375,0.865
2,bounded_substrate_fifo_500,0,0,500,0.003,0.0,0.0,0.0,0.055
2,bounded_substrate_fifo_500,50,21,500,0.003,0.0475,0.001,0.8,0.055
2,bounded_substrate_fifo_500,100,31,500,0.003,0.074,0.0015,0.87,0.055
2,bounded_substrate_fifo_500,150,37,500,0.003,0.0925,0.002,0.8875,0.055
2,bounded_substrate_fifo_500,200,43,500,0.003,0.1105,0.003,0.905,0.055
2,bounded_substrate_fifo_500,250,46,500,0.003,0.1255,0.003,0.915,0.055
2,bounded_substrate_fifo_500,300,49,500,0.003,0.1405,0.0035,0.9175,0.055
2,bounded_substrate_fifo_500,350,52,500,0.003,0.155,0.0035,0.9325,0.055
2,bounded_substrate_fifo_500,400,53,500,0.003,0.1685,0.004,0.9325,0.055
2,bounded_substrate_fifo_500,450,59,500,0.003,0.185,0.005,0.935,0.055
2,bounded_substrate_fifo_500,500,63,500,0.003,0.201,0.005,0.94,0.055
2,bounded_substrate_fifo_500,550,67,500,0.003,0.2155,0.006,0.9575,0.055
2,bounded_substrate_fifo_500,600,69,500,0.003,0.2265,0.006,0.96,0.055
2,bounded_substrate_fifo_500,650,70,500,0.003,0.2371,0.0065,0.96,0.055
2,bounded_substrate_fifo_500,700,70,500,0.003,0.2466,0.0065,0.96,0.055
2,bounded_substrate_fifo_500,750,71,500,0.003,0.2591,0.0065,0.9575,0.055
2,bounded_substrate_fifo_500,800,72,500,0.003,0.2691,0.0065,0.9575,0.055
2,bounded_substrate_fifo_500,850,73,500,0.003,0.2801,0.007,0.9575,0.055
2,bounded_substrate_fifo_500,900,77,500,0.003,0.2966,0.0075,0.9625,0.055
2,bounded_substrate_fifo_500,950,79,500,0.003,0.3101,0.0075,0.9625,0.055
2,bounded_substrate_fifo_500,1000,80,500,0.003,0.3206,0.0075,0.9625,0.055
2,bounded_substrate_fifo_500,1050,82,500,0.003,0.3326,0.0075,0.965,0.055
2,bounded_substrate_fifo_500,1100,82,500,0.003,0.3441,0.0075,0.965,0.055
2,bounded_substrate_fifo_500,1150,83,500,0.003,0.3556,0.0075,0.965,0.055
2,bounded_substrate_fifo_500,1200,85,500,0.003,0.3691,0.0075,0.9675,0.055
2,bounded_substrate_fifo_500,1250,86,500,0.003,0.3801,0.0075,0.9675,0.055
2,bounded_substrate_fifo_500,1300,91,500,0.003,0.3976,0.008,0.9725,0.055
2,bounded_substrate_fifo_500,1350,92,500,0.003,0.4096,0.008,0.9725,0.055
2,bounded_substrate_fifo_500,1400,94,500,0.003,0.4221,0.008,0.97,0.055
2,bounded_substrate_fifo_500,1450,95,500,0.003,0.4332,0.008,0.97,0.055
2,bounded_substrate_fifo_500,1500,96,500,0.003,0.4447,0.008,0.97,0.055
2,bounded_substrate_fifo_500,1517,96,500,0.003,0.4492,0.008,0.97,0.055
2,bounded_substrate_reservoir_1000,0,0,1000,0.01,0.0,0.0,0.0,0.91
2,bounded_substrate_reservoir_1000,50,46,1000,0.01,0.131,0.0055,0.17,0.91
2,bounded_substrate_reservoir_1000,100,85,1000,0.01,0.2431,0.011,0.21,0.9075
2,bounded_substrate_reservoir_1000,150,124,1000,0.01,0.3666,0.0135,0.325,0.9075
2,bounded_substrate_reservoir_1000,200,157,1000,0.01,0.4821,0.017,0.4325,0.9075
2,bounded_substrate_reservoir_1000,250,186,1000,0.01,0.5766,0.0225,0.485,0.905
2,bounded_substrate_reservoir_1000,300,208,1000,0.01,0.6632,0.0265,0.5025,0.905
2,bounded_substrate_reservoir_1000,350,239,1000,0.01,0.7692,0.0325,0.51,0.905
2,bounded_substrate_reservoir_1000,400,261,1000,0.01,0.8397,0.035,0.5175,0.905
2,bounded_substrate_reservoir_1000,450,287,1000,0.01,0.9388,0.0385,0.5225,0.905
2,bounded_substrate_reservoir_1000,500,307,1000,0.01,1.0088,0.041,0.545,0.905
2,bounded_substrate_reservoir_1000,550,328,1000,0.01,1.0788,0.0445,0.57,0.905
2,bounded_substrate_reservoir_1000,600,349,1000,0.01,1.1438,0.048,0.5875,0.905
2,bounded_substrate_reservoir_1000,650,366,1000,0.01,1.2133,0.051,0.5975,0.905
2,bounded_substrate_reservoir_1000,700,386,1000,0.01,1.2994,0.054,0.6175,0.905
2,bounded_substrate_reservoir_1000,750,403,1000,0.01,1.3654,0.0575,0.625,0.905
2,bounded_substrate_reservoir_1000,800,422,1000,0.01,1.4329,0.06,0.625,0.905
2,bounded_substrate_reservoir_1000,850,444,1000,0.01,1.5024,0.063,0.635,0.905
2,bounded_substrate_reservoir_1000,900,461,1000,0.01,1.5664,0.0655,0.65,0.905
2,bounded_substrate_reservoir_1000,950,474,1000,0.01,1.6184,0.068,0.65,0.905
2,bounded_substrate_reservoir_1000,1000,489,1000,0.01,1.6805,0.0705,0.675,0.905
2,bounded_substrate_reservoir_1000,1050,503,1000,0.01,1.728,0.0715,0.675,0.905
2,bounded_substrate_reservoir_1000,1100,520,1000,0.01,1.7905,0.074,0.745,0.905
2,bounded_substrate_reservoir_1000,1150,534,1000,0.01,1.8375,0.076,0.7625,0.9025
2,bounded_substrate_reservoir_1000,1200,545,1000,0.01,1.88,0.077,0.7625,0.9025
2,bounded_substrate_reservoir_1000,1250,560,1000,0.01,1.94,0.078,0.7625,0.9025
2,bounded_substrate_reservoir_1000,1300,574,1000,0.01,1.994,0.081,0.7625,0.9025
2,bounded_substrate_reservoir_1000,1350,587,1000,0.01,2.042,0.083,0.77,0.9025
2,bounded_substrate_reservoir_1000,1400,600,1000,0.01,2.099,0.0835,0.77,0.9025
2,bounded_substrate_reservoir_1000,1450,611,1000,0.01,2.1441,0.0855,0.78,0.9
2,bounded_substrate_reservoir_1000,1500,621,1000,0.01,2.1826,0.0865,0.7875,0.9
2,bounded_substrate_reservoir_1000,1517,623,1000,0.01,2.1926,0.087,0.7875,0.9
2,bounded_substrate_fifo_1000,0,0,1000,0.006,0.0,0.0,0.0,0.1475
2,bounded_substrate_fifo_1000,50,24,1000,0.006,0.0905,0.0055,0.6575,0.1475
2,bounded_substrate_fifo_1000,100,36,1000,0.006,0.1335,0.0065,0.795,0.1475
2,bounded_substrate_fifo_1000,150,45,1000,0.006,0.1665,0.0075,0.8425,0.1475
2,bounded_substrate_fifo_1000,200,55,1000,0.006,0.216,0.009,0.87,0.1475
2,bounded_substrate_fifo_1000,250,58,1000,0.006,0.2345,0.0095,0.885,0.1475
2,bounded_substrate_fifo_1000,300,62,1000,0.006,0.2611,0.01,0.8875,0.1475
2,bounded_substrate_fifo_1000,350,69,1000,0.006,0.2916,0.011,0.92,0.1425
2,bounded_substrate_fifo_1000,400,70,1000,0.006,0.3046,0.0115,0.92,0.125
2,bounded_substrate_fifo_1000,450,74,1000,0.006,0.3266,0.0115,0.9175,0.125
2,bounded_substrate_fifo_1000,500,78,1000,0.006,0.3481,0.012,0.9175,0.125
2,bounded_substrate_fifo_1000,550,84,1000,0.006,0.3786,0.0125,0.9375,0.125
2,bounded_substrate_fifo_1000,600,86,1000,0.006,0.3981,0.0125,0.94,0.125
2,bounded_substrate_fifo_1000,650,88,1000,0.006,0.4171,0.013,0.94,0.125
2,bounded_substrate_fifo_1000,700,90,1000,0.006,0.4336,0.0135,0.94,0.125
2,bounded_substrate_fifo_1000,750,93,1000,0.006,0.4516,0.0145,0.9425,0.125
2,bounded_substrate_fifo_1000,800,94,1000,0.006,0.4616,0.0145,0.9425,0.125
2,bounded_substrate_fifo_1000,850,95,1000,0.006,0.4746,0.015,0.9425,0.125
2,bounded_substrate_fifo_1000,900,102,1000,0.006,0.5051,0.0155,0.95,0.125
2,bounded_substrate_fifo_1000,950,105,1000,0.006,0.5266,0.0155,0.9525,0.125
2,bounded_substrate_fifo_1000,1000,106,1000,0.006,0.5421,0.016,0.9525,0.125
2,bounded_substrate_fifo_1000,1050,107,1000,0.006,0.5551,0.016,0.9525,0.125
2,bounded_substrate_fifo_1000,1100,108,1000,0.006,0.5701,0.016,0.9525,0.125
2,bounded_substrate_fifo_1000,1150,109,1000,0.006,0.5836,0.0165,0.9525,0.125
2,bounded_substrate_fifo_1000,1200,112,1000,0.006,0.6041,0.017,0.955,0.125
2,bounded_substrate_fifo_1000,1250,115,1000,0.006,0.6246,0.0175,0.955,0.125
2,bounded_substrate_fifo_1000,1300,121,1000,0.006,0.6581,0.0185,0.96,0.125
2,bounded_substrate_fifo_1000,1350,122,1000,0.006,0.6731,0.0185,0.96,0.125
2,bounded_substrate_fifo_1000,1400,125,1000,0.006,0.6936,0.0185,0.9575,0.125
2,bounded_substrate_fifo_1000,1450,126,1000,0.006,0.7071,0.0185,0.9575,0.125
2,bounded_substrate_fifo_1000,1500,129,1000,0.006,0.7296,0.0185,0.96,0.125
2,bounded_substrate_fifo_1000,1517,129,1000,0.006,0.7331,0.0185,0.96,0.125
2,bounded_substrate_reservoir_5000,0,0,5000,0.0065,0.0,0.0,0.0,0.95
2,bounded_substrate_reservoir_5000,50,46,5000,0.0065,0.7482,0.029,0.265,0.95
2,bounded_substrate_reservoir_5000,100,76,5000,0.0065,1.2673,0.0495,0.4025,0.95
2,bounded_substrate_reservoir_5000,150,103,5000,0.0065,1.6749,0.067,0.4275,0.9525
2,bounded_substrate_reservoir_5000,200,133,5000,0.0065,2.1664,0.086,0.5025,0.9525
2,bounded_substrate_reservoir_5000,250,158,5000,0.0065,2.5743,0.1036,0.5525,0.9525
2,bounded_substrate_reservoir_5000,300,182,5000,0.0065,2.9895,0.1176,0.61,0.9525
2,bounded_substrate_reservoir_5000,350,200,5000,0.0065,3.3431,0.1296,0.665,0.9525
2,bounded_substrate_reservoir_5000,400,211,5000,0.0065,3.5422,0.1366,0.69,0.9525
2,bounded_substrate_reservoir_5000,450,229,5000,0.0065,3.9005,0.149,0.7,0.9525
2,bounded_substrate_reservoir_5000,500,244,5000,0.0065,4.1495,0.1591,0.7425,0.9525
2,bounded_substrate_reservoir_5000,550,256,5000,0.0065,4.3661,0.1666,0.7675,0.9525
2,bounded_substrate_reservoir_5000,600,263,5000,0.0065,4.5091,0.1711,0.7725,0.9525
2,bounded_substrate_reservoir_5000,650,281,5000,0.0065,4.8597,0.1846,0.7825,0.95
2,bounded_substrate_reservoir_5000,700,289,5000,0.0065,4.9957,0.1906,0.8,0.95
2,bounded_substrate_reservoir_5000,750,301,5000,0.0065,5.2177,0.1986,0.8075,0.95
2,bounded_substrate_reservoir_5000,800,309,5000,0.0065,5.3703,0.2036,0.8075,0.95
2,bounded_substrate_reservoir_5000,850,322,5000,0.0065,5.5918,0.2126,0.81,0.9475
2,bounded_substrate_reservoir_5000,900,332,5000,0.0065,5.7829,0.2196,0.8225,0.9475
2,bounded_substrate_reservoir_5000,950,338,5000,0.0065,5.9074,0.2231,0.8225,0.9475
2,bounded_substrate_reservoir_5000,1000,346,5000,0.0065,6.0614,0.2286,0.8225,0.9475
2,bounded_substrate_reservoir_5000,1050,351,5000,0.0065,6.162,0.2326,0.8275,0.9475
2,bounded_substrate_reservoir_5000,1100,361,5000,0.0065,6.346,0.2406,0.8325,0.9475
2,bounded_substrate_reservoir_5000,1150,370,5000,0.0065,6.5185,0.2461,0.835,0.95
2,bounded_substrate_reservoir_5000,1200,378,5000,0.0065,6.677,0.2521,0.8325,0.95
2,bounded_substrate_reservoir_5000,1250,386,5000,0.0065,6.8271,0.2592,0.8325,0.95
2,bounded_substrate_reservoir_5000,1300,393,5000,0.0065,6.9586,0.2642,0.835,0.95
2,bounded_substrate_reservoir_5000,1350,396,5000,0.0065,7.0201,0.2662,0.835,0.95
2,bounded_substrate_reservoir_5000,1400,408,5000,0.0065,7.2287,0.2742,0.8425,0.95
2,bounded_substrate_reservoir_5000,1450,416,5000,0.0065,7.3827,0.2787,0.8475,0.9475
2,bounded_substrate_reservoir_5000,1500,421,5000,0.0065,7.4702,0.2822,0.8475,0.9475
2,bounded_substrate_reservoir_5000,1517,422,5000,0.0065,7.4917,0.2827,0.8475,0.9475
2,bounded_substrate_fifo_5000,0,0,5000,0.0065,0.0,0.0,0.0,0.6275
2,bounded_substrate_fifo_5000,50,38,5000,0.0065,0.6667,0.0245,0.43,0.62
2,bounded_substrate_fifo_5000,100,57,5000,0.0065,1.053,0.036,0.555,0.6075
2,bounded_substrate_fifo_5000,150,79,5000,0.0065,1.4541,0.052,0.6725,0.605
2,bounded_substrate_fifo_5000,200,101,5000,0.0065,1.8469,0.0655,0.715,0.605
2,bounded_substrate_fifo_5000,250,119,5000,0.0065,2.1304,0.0785,0.75,0.605
2,bounded_substrate_fifo_5000,300,131,5000,0.0065,2.3325,0.088,0.76,0.605
2,bounded_substrate_fifo_5000,350,144,5000,0.0065,2.564,0.0965,0.795,0.605
2,bounded_substrate_fifo_5000,400,151,5000,0.0065,2.6885,0.1021,0.8,0.605
2,bounded_substrate_fifo_5000,450,162,5000,0.0065,2.8616,0.1096,0.8075,0.605
2,bounded_substrate_fifo_5000,500,172,5000,0.0065,3.0191,0.1171,0.825,0.605
2,bounded_substrate_fifo_5000,550,180,5000,0.0065,3.1626,0.1241,0.83,0.59
2,bounded_substrate_fifo_5000,600,185,5000,0.0065,3.2576,0.1286,0.835,0.59
2,bounded_substrate_fifo_5000,650,200,5000,0.0065,3.5082,0.1376,0.84,0.59
2,bounded_substrate_fifo_5000,700,206,5000,0.0065,3.6177,0.1421,0.8525,0.5875
2,bounded_substrate_fifo_5000,750,213,5000,0.0065,3.7282,0.1476,0.8525,0.585
2,bounded_substrate_fifo_5000,800,217,5000,0.0065,3.7877,0.1501,0.8525,0.585
2,bounded_substrate_fifo_5000,850,229,5000,0.0065,3.9993,0.1586,0.86,0.585
2,bounded_substrate_fifo_5000,900,236,5000,0.0065,4.1243,0.1621,0.87,0.5825
2,bounded_substrate_fifo_5000,950,240,5000,0.0065,4.2008,0.1646,0.8725,0.5825
2,bounded_substrate_fifo_5000,1000,245,5000,0.0065,4.2968,0.1686,0.875,0.5825
2,bounded_substrate_fifo_5000,1050,249,5000,0.0065,4.3749,0.1711,0.88,0.5825
2,bounded_substrate_fifo_5000,1100,257,5000,0.0065,4.5154,0.1766,0.88,0.5825
2,bounded_substrate_fifo_5000,1150,262,5000,0.0065,4.6074,0.1796,0.885,0.58
2,bounded_substrate_fifo_5000,1200,263,5000,0.0065,4.6334,0.1806,0.885,0.58
2,bounded_substrate_fifo_5000,1250,271,5000,0.0065,4.7774,0.1856,0.8875,0.575
2,bounded_substrate_fifo_5000,1300,279,5000,0.0065,4.9175,0.1926,0.8925,0.565
2,bounded_substrate_fifo_5000,1350,281,5000,0.0065,4.9615,0.1946,0.8925,0.5625
2,bounded_substrate_fifo_5000,1400,292,5000,0.0065,5.156,0.2026,0.895,0.5625
2,bounded_substrate_fifo_5000,1450,299,5000,0.0065,5.285,0.2066,0.895,0.565
2,bounded_substrate_fifo_5000,1500,302,5000,0.0065,5.344,0.2086,0.895,0.565
2,bounded_substrate_fifo_5000,1517,303,5000,0.0065,5.364,0.2091,0.895,0.565
